{
	"base_energy": 90,
	"base_vision": 18,
	"color": [
		0.400000005960464,
		0.319999992847443,
		0.280000001192093,
		1
	],
	"crystal": 35,
	"hp": 650,
	"metal": 170,
	"name": "Assault Hull",
	"size": [
		5,
		1.29999995231628,
		7
	],
	"weight": 500
}