{
    "base_energy": 30,
    "base_vision": 24,
    "color": [
        0.5,
        0.519999980926514,
        0.560000002384186,
        1
    ],
    "crystal": 15,
    "hp": 230,
    "metal": 55,
    "name": "Flying Wing Hull",
    "size": [
        10.0,
        1.5,
        6.0
    ],
    "weight": 140
}