{
	"base_energy": 45,
	"color": [
		0.600000023841858,
		0.600000023841858,
		0.620000004768372,
		1
	],
	"crystal": 18,
	"hp": 300,
	"metal": 80,
	"name": "Fuselage Hull",
	"size": [
		4.19999980926514,
		1.20000004768372,
		6.19999980926514
	],
	"weight": 210
}