{
    "base_energy": 45,
    "color": [
        0.600000023841858,
        0.600000023841858,
        0.620000004768372,
        1
    ],
    "crystal": 18,
    "hp": 300,
    "metal": 80,
    "name": "Fuselage Hull",
    "size": [
        6.0,
        2.0,
        10.0
    ],
    "weight": 210
}