{
	"base_energy": 130,
	"base_vision": 18,
	"color": [
		0.662745118141174,
		0.662745118141174,
		0.662745118141174,
		1
	],
	"crystal": 50,
	"hp": 1000,
	"metal": 250,
	"name": "Heavy Hull",
	"size": [
		6,
		1.5,
		8
	],
	"weight": 800
}