{
	"base_energy": 35,
	"base_vision": 26,
	"color": [
		0.550000011920929,
		0.649999976158142,
		0.779999971389771,
		1
	],
	"crystal": 8,
	"hp": 130,
	"metal": 35,
	"name": "Interceptor Hull",
	"size": [
		2.40000009536743,
		0.800000011920929,
		3.20000004768372
	],
	"weight": 65
}