{
	"base_energy": 70,
	"color": [
		0.745098054409027,
		0.745098054409027,
		0.745098054409027,
		1
	],
	"crystal": 20,
	"hp": 400,
	"metal": 100,
	"name": "Medium Hull",
	"size": [
		4,
		1,
		6
	],
	"weight": 250
}