{
    "base_energy": 105,
    "base_vision": 17,
    "color": [
        0.379999995231628,
        0.360000014305115,
        0.319999992847443,
        1
    ],
    "crystal": 40,
    "hp": 800,
    "metal": 210,
    "name": "Sponson Hull",
    "size": [
        1.5,
        1.2,
        3.0
    ],
    "weight": 650
}