{
	"base_energy": 100,
	"base_vision": 28,
	"color": [
		0.5,
		0.479999989271164,
		0.439999997615814,
		1
	],
	"crystal": 20,
	"hp": 1400,
	"is_foundation": true,
	"metal": 160,
	"name": "Tower Foundation",
	"size": [
		3,
		4,
		3
	],
	"weight": 0
}