Godot Engine v4.7.1.stable.official.a13da4feb - https://godotengine.org

[probe] Battle scene instantiated
[BattleLogger] logging to C:/Users/Chris/AppData/Roaming/Godot/app_userdata/Kitbash Command Prototype/logs/battle_2026-08-24T03-17-19_skirmish.log
[probe] world_ready signal received
[probe] current_map.name = Test Range
[probe] current_map.map_half_extents = 160.0
[probe] current_map keys = ["schema_version", "name", "description", "map_half_extents", "ground_color", "disable_ambient_scatter", "flat_ground_collider", "base_zones", "water_areas", "hills", "obstacles", "spawns", "resource_nodes", "surface_zones"]
[probe] map_id = test_range
Battle/Ground/MeshInstance3D pos=(0.0, 0.0, 0.0) (1440.0 x 8.1 x 1440.0)
Battle/Ground/MeshInstance3D material_override -> ShaderMaterial (shader=res://shaders/terrain_ground.gdshader)
    shader_parameter/albedo_0 = res://assets/textures/terrain/grassland_v1_albedo.png
    shader_parameter/albedo_1 = res://assets/textures/terrain/grassland_v2_albedo.png
    shader_parameter/albedo_2 = res://assets/textures/terrain/grassland_v3_albedo.png
    shader_parameter/normal_0 = res://assets/textures/terrain/grassland_v1_normal.png
    shader_parameter/normal_1 = res://assets/textures/terrain/grassland_v2_normal.png
    shader_parameter/normal_2 = res://assets/textures/terrain/grassland_v3_normal.png
    shader_parameter/rough_0 = res://assets/textures/terrain/grassland_v1_roughness.png
    shader_parameter/rough_1 = res://assets/textures/terrain/grassland_v2_roughness.png
    shader_parameter/rough_2 = res://assets/textures/terrain/grassland_v3_roughness.png
    shader_parameter/rock_albedo = res://assets/textures/terrain/rocky_v1_albedo.png
    shader_parameter/rock_normal = res://assets/textures/terrain/rocky_v1_normal.png
    shader_parameter/rock_rough = res://assets/textures/terrain/rocky_v1_roughness.png
Battle/@Node3D@10/@StaticBody3D@11/resource_ore_12/resource_ore_1 pos=(-37.6, 0.5, -39.9) (2.3 x 1.4 x 2.3)
Battle/@Node3D@10/@StaticBody3D@11/resource_ore_12/resource_ore_1 mesh.surface[0] -> StandardMaterial3D (albedo=<no texture>)
Battle/@Node3D@10/@StaticBody3D@14/resource_ore_12/resource_ore_1 pos=(-43.1, 0.1, -37.2) (2.3 x 1.4 x 2.3)
Battle/@Node3D@10/@StaticBody3D@14/resource_ore_12/resource_ore_1 mesh.surface[0] -> StandardMaterial3D (albedo=<no texture>)
Battle/@Node3D@10/@StaticBody3D@17/resource_ore_22/resource_ore_2 pos=(-39.4, -0.6, -45.3) (2.0 x 1.6 x 2.5)
Battle/@Node3D@10/@StaticBody3D@17/resource_ore_22/resource_ore_2 mesh.surface[0] -> StandardMaterial3D (albedo=<no texture>)
Battle/@Node3D@10/@StaticBody3D@20/resource_ore_12/resource_ore_1 pos=(-35.9, 0.4, -35.1) (2.3 x 1.4 x 2.3)
Battle/@Node3D@10/@StaticBody3D@20/resource_ore_12/resource_ore_1 mesh.surface[0] -> StandardMaterial3D (albedo=<no texture>)
Battle/@Node3D@10/@StaticBody3D@23/resource_ore_22/resource_ore_2 pos=(-46.7, -0.8, -42.6) (2.0 x 1.6 x 2.5)
Battle/@Node3D@10/@StaticBody3D@23/resource_ore_22/resource_ore_2 mesh.surface[0] -> StandardMaterial3D (albedo=<no texture>)
Battle/@Node3D@10/@StaticBody3D@26/resource_ore_22/resource_ore_2 pos=(-32.9, 0.2, -43.7) (2.0 x 1.6 x 2.5)
Battle/@Node3D@10/@StaticBody3D@26/resource_ore_22/resource_ore_2 mesh.surface[0] -> StandardMaterial3D (albedo=<no texture>)
Battle/@Node3D@10/@StaticBody3D@29/resource_ore_02/resource_ore_0 pos=(-41.8, -0.0, -31.5) (2.3 x 1.5 x 1.9)
Battle/@Node3D@10/@StaticBody3D@29/resource_ore_02/resource_ore_0 mesh.surface[0] -> StandardMaterial3D (albedo=<no texture>)
Battle/@Node3D@32/@StaticBody3D@33/resource_crystal_02/resource_crystal_0 pos=(42.5, -0.5, -40.6) (0.6 x 1.9 x 0.8)
Battle/@Node3D@32/@StaticBody3D@33/resource_crystal_02/resource_crystal_0 mesh.surface[0] -> StandardMaterial3D (albedo=<no texture>)
Battle/@Node3D@32/@StaticBody3D@36/resource_crystal_22/resource_crystal_2 pos=(36.7, -0.3, -37.1) (0.7 x 2.1 x 0.5)
Battle/@Node3D@32/@StaticBody3D@36/resource_crystal_22/resource_crystal_2 mesh.surface[0] -> StandardMaterial3D (albedo=<no texture>)
Battle/@Node3D@32/@StaticBody3D@39/resource_crystal_02/resource_crystal_0 pos=(41.2, 0.5, -45.5) (0.6 x 1.9 x 0.8)
Battle/@Node3D@32/@StaticBody3D@39/resource_crystal_02/resource_crystal_0 mesh.surface[0] -> StandardMaterial3D (albedo=<no texture>)
Battle/@Node3D@32/@StaticBody3D@42/resource_crystal_12/resource_crystal_1 pos=(44.2, -0.7, -34.8) (0.7 x 2.2 x 0.8)
Battle/@Node3D@32/@StaticBody3D@42/resource_crystal_12/resource_crystal_1 mesh.surface[0] -> StandardMaterial3D (albedo=<no texture>)
Battle/@Node3D@32/@StaticBody3D@45/resource_crystal_22/resource_crystal_2 pos=(32.7, 0.4, -42.1) (0.7 x 2.1 x 0.5)
Battle/@Node3D@32/@StaticBody3D@45/resource_crystal_22/resource_crystal_2 mesh.surface[0] -> StandardMaterial3D (albedo=<no texture>)
Battle/@Node3D@48/@StaticBody3D@49/resource_lumber_02/resource_lumber_0 pos=(-37.4, 0.3, 39.8) (2.7 x 3.6 x 2.4)
Battle/@Node3D@48/@StaticBody3D@49/resource_lumber_02/resource_lumber_0 mesh.surface[0] -> StandardMaterial3D (albedo=<no texture>)
Battle/@Node3D@48/@StaticBody3D@52/resource_lumber_22/resource_lumber_2 pos=(-43.2, 0.0, 43.2) (1.8 x 3.4 x 2.1)
Battle/@Node3D@48/@StaticBody3D@52/resource_lumber_22/resource_lumber_2 mesh.surface[0] -> StandardMaterial3D (albedo=<no texture>)
Battle/@Node3D@48/@StaticBody3D@55/resource_lumber_12/resource_lumber_1 pos=(-40.5, 0.6, 34.2) (2.5 x 3.6 x 2.7)
Battle/@Node3D@48/@StaticBody3D@55/resource_lumber_12/resource_lumber_1 mesh.surface[0] -> StandardMaterial3D (albedo=<no texture>)
Battle/@Node3D@48/@StaticBody3D@58/resource_lumber_02/resource_lumber_0 pos=(-37.2, -0.8, 46.2) (2.7 x 3.6 x 2.4)
Battle/@Node3D@48/@StaticBody3D@58/resource_lumber_02/resource_lumber_0 mesh.surface[0] -> StandardMaterial3D (albedo=<no texture>)
Battle/@Node3D@48/@StaticBody3D@61/resource_lumber_02/resource_lumber_0 pos=(-47.6, 0.3, 38.5) (2.7 x 3.6 x 2.4)
Battle/@Node3D@48/@StaticBody3D@61/resource_lumber_02/resource_lumber_0 mesh.surface[0] -> StandardMaterial3D (albedo=<no texture>)
Battle/@Node3D@48/@StaticBody3D@64/resource_lumber_12/resource_lumber_1 pos=(-31.8, 0.5, 37.3) (2.5 x 3.6 x 2.7)
Battle/@Node3D@48/@StaticBody3D@64/resource_lumber_12/resource_lumber_1 mesh.surface[0] -> StandardMaterial3D (albedo=<no texture>)
Battle/@Node3D@48/@StaticBody3D@67/resource_lumber_12/resource_lumber_1 pos=(-44.1, -0.4, 48.4) (2.5 x 3.6 x 2.7)
Battle/@Node3D@48/@StaticBody3D@67/resource_lumber_12/resource_lumber_1 mesh.surface[0] -> StandardMaterial3D (albedo=<no texture>)
Battle/@Node3D@48/@StaticBody3D@70/resource_lumber_12/resource_lumber_1 pos=(-42.4, 0.7, 30.2) (2.5 x 3.6 x 2.7)
Battle/@Node3D@48/@StaticBody3D@70/resource_lumber_12/resource_lumber_1 mesh.surface[0] -> StandardMaterial3D (albedo=<no texture>)
Battle/@Node3D@48/@StaticBody3D@73/resource_lumber_12/resource_lumber_1 pos=(-29.6, -0.3, 42.4) (2.5 x 3.6 x 2.7)
Battle/@Node3D@48/@StaticBody3D@73/resource_lumber_12/resource_lumber_1 mesh.surface[0] -> StandardMaterial3D (albedo=<no texture>)
Battle/@Node3D@76/@StaticBody3D@77/resource_oil_12/resource_oil_1 pos=(40.0, -0.4, 40.0) (1.6 x 2.5 x 1.6)
Battle/@Node3D@76/@StaticBody3D@77/resource_oil_12/resource_oil_1 mesh.surface[0] -> StandardMaterial3D (albedo=<no texture>)
Battle/@MeshInstance3D@80 pos=(0.0, 0.0, 0.0) (80.0 x 5.5 x 80.0)
Battle/@MeshInstance3D@80 material_override -> StandardMaterial3D (albedo=res://assets/textures/terrain/marsh_v1_albedo.png)
Battle/@MeshInstance3D@81 pos=(0.0, 0.0, 0.0) (80.0 x 6.1 x 80.0)
Battle/@MeshInstance3D@81 material_override -> StandardMaterial3D (albedo=res://assets/textures/terrain/rocky_v2_albedo.png)
Battle/@MeshInstance3D@82 pos=(-61.0, -0.0, -126.2) (2.1 x 1.3 x 2.0)
Battle/@MeshInstance3D@82 material_override -> StandardMaterial3D (albedo=<no texture>)
Battle/@MeshInstance3D@83 pos=(0.0, 0.0, 0.0) (80.0 x 6.5 x 80.0)
Battle/@MeshInstance3D@83 material_override -> StandardMaterial3D (albedo=res://assets/textures/terrain/snow_mud_v3_albedo.png)
Battle/@MeshInstance3D@84 pos=(0.0, 0.0, 0.0) (80.0 x 6.2 x 80.0)
Battle/@MeshInstance3D@84 material_override -> StandardMaterial3D (albedo=res://assets/textures/terrain/sand_v1_albedo.png)
Battle/@MeshInstance3D@85 pos=(0.0, 0.0, 0.0) (80.0 x 7.3 x 80.0)
Battle/@MeshInstance3D@85 material_override -> StandardMaterial3D (albedo=res://assets/textures/terrain/gravel_v2_albedo.png)
Battle/@MeshInstance3D@86 pos=(86.4, 0.6, -124.5) (1.4 x 0.9 x 1.1)
Battle/@MeshInstance3D@86 material_override -> StandardMaterial3D (albedo=<no texture>)
Battle/@MeshInstance3D@87 pos=(0.0, 0.0, 0.0) (80.0 x 7.7 x 80.0)
Battle/@MeshInstance3D@87 material_override -> StandardMaterial3D (albedo=res://assets/textures/terrain/forest_v3_albedo.png)
Battle/@MeshInstance3D@88 pos=(0.0, 0.0, 0.0) (80.0 x 6.6 x 80.0)
Battle/@MeshInstance3D@88 material_override -> StandardMaterial3D (albedo=res://assets/textures/terrain/ice_v1_albedo.png)
Battle/@MeshInstance3D@89 pos=(125.3, -1.1, 55.3) (0.3 x 1.4 x 0.3)
Battle/@MeshInstance3D@89 material_override -> StandardMaterial3D (albedo=<no texture>)
Battle/@MeshInstance3D@90 pos=(124.7, -1.2, 55.3) (0.3 x 1.2 x 0.3)
Battle/@MeshInstance3D@90 material_override -> StandardMaterial3D (albedo=<no texture>)
Battle/@MeshInstance3D@91 pos=(125.0, -1.0, 55.0) (0.3 x 1.5 x 0.3)
Battle/@MeshInstance3D@91 material_override -> StandardMaterial3D (albedo=<no texture>)
Battle/@MeshInstance3D@92 pos=(125.2, -1.0, 54.6) (0.3 x 1.6 x 0.3)
Battle/@MeshInstance3D@92 material_override -> StandardMaterial3D (albedo=<no texture>)
Battle/@MeshInstance3D@93 pos=(-41.4, 0.4, 76.2) (3.9 x 2.7 x 3.9)
Battle/@MeshInstance3D@93 material_override -> StandardMaterial3D (albedo=<no texture>)
Battle/@MeshInstance3D@94 pos=(-115.9, 2.5, 3.1) (0.3 x 1.4 x 0.3)
Battle/@MeshInstance3D@94 material_override -> StandardMaterial3D (albedo=<no texture>)
Battle/@MeshInstance3D@95 pos=(-116.0, 2.3, 2.8) (0.3 x 1.1 x 0.3)
Battle/@MeshInstance3D@95 material_override -> StandardMaterial3D (albedo=<no texture>)
Battle/@MeshInstance3D@96 pos=(-115.9, 2.5, 3.4) (0.3 x 1.4 x 0.3)
Battle/@MeshInstance3D@96 material_override -> StandardMaterial3D (albedo=<no texture>)
Battle/@MeshInstance3D@97 pos=(-16.5, 1.2, 62.2) (1.0 x 0.8 x 1.5)
Battle/@MeshInstance3D@97 material_override -> StandardMaterial3D (albedo=<no texture>)
Battle/@MeshInstance3D@98 pos=(63.0, -0.9, 8.8) (0.3 x 1.5 x 0.3)
Battle/@MeshInstance3D@98 material_override -> StandardMaterial3D (albedo=<no texture>)
Battle/@MeshInstance3D@99 pos=(63.0, -1.1, 9.3) (0.3 x 1.2 x 0.3)
Battle/@MeshInstance3D@99 material_override -> StandardMaterial3D (albedo=<no texture>)
Battle/@MeshInstance3D@100 pos=(63.5, -1.1, 8.8) (0.3 x 1.1 x 0.3)
Battle/@MeshInstance3D@100 material_override -> StandardMaterial3D (albedo=<no texture>)
Battle/@MeshInstance3D@101 pos=(63.6, -0.9, 8.9) (0.3 x 1.5 x 0.3)
Battle/@MeshInstance3D@101 material_override -> StandardMaterial3D (albedo=<no texture>)
Battle/@MeshInstance3D@102 pos=(-76.3, 1.2, 29.3) (1.2 x 1.0 x 1.8)
Battle/@MeshInstance3D@102 material_override -> StandardMaterial3D (albedo=<no texture>)
Battle/@MeshInstance3D@103 pos=(-82.7, 1.5, -5.3) (0.3 x 1.7 x 0.3)
Battle/@MeshInstance3D@103 material_override -> StandardMaterial3D (albedo=<no texture>)
Battle/@MeshInstance3D@104 pos=(-83.0, 1.4, -5.2) (0.3 x 1.5 x 0.3)
Battle/@MeshInstance3D@104 material_override -> StandardMaterial3D (albedo=<no texture>)
Battle/@MeshInstance3D@105 pos=(-82.8, 1.2, -5.1) (0.3 x 1.1 x 0.3)
Battle/@MeshInstance3D@105 material_override -> StandardMaterial3D (albedo=<no texture>)
Battle/@MeshInstance3D@106 pos=(-83.3, 1.4, -4.7) (0.3 x 1.4 x 0.3)
Battle/@MeshInstance3D@106 material_override -> StandardMaterial3D (albedo=<no texture>)
Battle/@MeshInstance3D@107 pos=(-83.4, 1.3, -5.3) (0.3 x 1.3 x 0.3)
Battle/@MeshInstance3D@107 material_override -> StandardMaterial3D (albedo=<no texture>)
Battle/@MeshInstance3D@108 pos=(68.0, 0.8, -67.1) (0.3 x 1.0 x 0.3)
Battle/@MeshInstance3D@108 material_override -> StandardMaterial3D (albedo=<no texture>)
Battle/@MeshInstance3D@109 pos=(67.4, 1.1, -67.6) (0.3 x 1.6 x 0.3)
Battle/@MeshInstance3D@109 material_override -> StandardMaterial3D (albedo=<no texture>)
Battle/@MeshInstance3D@110 pos=(68.1, 0.9, -67.7) (0.3 x 1.1 x 0.3)
Battle/@MeshInstance3D@110 material_override -> StandardMaterial3D (albedo=<no texture>)
Battle/@MeshInstance3D@111 pos=(67.5, 0.9, -67.0) (0.3 x 1.3 x 0.3)
Battle/@MeshInstance3D@111 material_override -> StandardMaterial3D (albedo=<no texture>)
Battle/@MeshInstance3D@112 pos=(68.0, 0.9, -66.9) (0.3 x 1.1 x 0.3)
Battle/@MeshInstance3D@112 material_override -> StandardMaterial3D (albedo=<no texture>)
Battle/@MeshInstance3D@113 pos=(133.5, -0.7, 40.7) (1.2 x 1.1 x 1.2)
Battle/@MeshInstance3D@113 material_override -> StandardMaterial3D (albedo=<no texture>)
Battle/@MeshInstance3D@114 pos=(118.7, 2.1, -55.4) (0.3 x 1.2 x 0.3)
Battle/@MeshInstance3D@114 material_override -> StandardMaterial3D (albedo=<no texture>)
Battle/@MeshInstance3D@115 pos=(118.9, 2.2, -55.4) (0.3 x 1.3 x 0.3)
Battle/@MeshInstance3D@115 material_override -> StandardMaterial3D (albedo=<no texture>)
Battle/@MeshInstance3D@116 pos=(119.0, 2.3, -55.3) (0.3 x 1.6 x 0.3)
Battle/@MeshInstance3D@116 material_override -> StandardMaterial3D (albedo=<no texture>)
Battle/@MeshInstance3D@117 pos=(118.2, 2.1, -54.5) (0.3 x 1.2 x 0.3)
Battle/@MeshInstance3D@117 material_override -> StandardMaterial3D (albedo=<no texture>)
Battle/@MeshInstance3D@118 pos=(119.1, 2.4, -54.6) (0.3 x 1.6 x 0.3)
Battle/@MeshInstance3D@118 material_override -> StandardMaterial3D (albedo=<no texture>)
Battle/@MeshInstance3D@119 pos=(72.0, 1.0, 36.9) (0.3 x 1.0 x 0.3)
Battle/@MeshInstance3D@119 material_override -> StandardMaterial3D (albedo=<no texture>)
Battle/@MeshInstance3D@120 pos=(71.1, 1.0, 36.8) (0.3 x 0.9 x 0.3)
Battle/@MeshInstance3D@120 material_override -> StandardMaterial3D (albedo=<no texture>)
Battle/@MeshInstance3D@121 pos=(71.3, 1.2, 36.8) (0.3 x 1.5 x 0.3)
Battle/@MeshInstance3D@121 material_override -> StandardMaterial3D (albedo=<no texture>)
Battle/@MeshInstance3D@122 pos=(-144.0, -0.3, -49.0) (2.0 x 0.8 x 1.7)
Battle/@MeshInstance3D@122 material_override -> StandardMaterial3D (albedo=<no texture>)
Battle/@MeshInstance3D@123 pos=(11.3, 1.4, 125.8) (0.3 x 1.7 x 0.3)
Battle/@MeshInstance3D@123 material_override -> StandardMaterial3D (albedo=<no texture>)
Battle/@MeshInstance3D@124 pos=(10.5, 1.2, 126.5) (0.3 x 1.3 x 0.3)
Battle/@MeshInstance3D@124 material_override -> StandardMaterial3D (albedo=<no texture>)
Battle/@MeshInstance3D@125 pos=(11.0, 1.3, 125.7) (0.3 x 1.4 x 0.3)
Battle/@MeshInstance3D@125 material_override -> StandardMaterial3D (albedo=<no texture>)
Battle/@MeshInstance3D@126 pos=(10.8, 1.3, 125.9) (0.3 x 1.4 x 0.3)
Battle/@MeshInstance3D@126 material_override -> StandardMaterial3D (albedo=<no texture>)
Battle/@MeshInstance3D@127 pos=(10.5, 1.1, 125.7) (0.3 x 1.0 x 0.3)
Battle/@MeshInstance3D@127 material_override -> StandardMaterial3D (albedo=<no texture>)
Battle/@MeshInstance3D@128 pos=(29.2, -0.9, 0.4) (2.0 x 1.1 x 1.0)
Battle/@MeshInstance3D@128 material_override -> StandardMaterial3D (albedo=<no texture>)
Battle/@MeshInstance3D@129 pos=(48.2, 2.4, 53.0) (0.3 x 0.9 x 0.3)
Battle/@MeshInstance3D@129 material_override -> StandardMaterial3D (albedo=<no texture>)
Battle/@MeshInstance3D@130 pos=(48.6, 2.7, 52.9) (0.3 x 1.7 x 0.3)
Battle/@MeshInstance3D@130 material_override -> StandardMaterial3D (albedo=<no texture>)
Battle/@MeshInstance3D@131 pos=(48.5, 2.6, 53.4) (0.3 x 1.5 x 0.3)
Battle/@MeshInstance3D@131 material_override -> StandardMaterial3D (albedo=<no texture>)
Battle/@MeshInstance3D@132 pos=(48.3, 2.4, 52.6) (0.3 x 0.9 x 0.3)
Battle/@MeshInstance3D@132 material_override -> StandardMaterial3D (albedo=<no texture>)
Battle/@MeshInstance3D@133 pos=(48.4, 2.5, 52.9) (0.3 x 1.3 x 0.3)
Battle/@MeshInstance3D@133 material_override -> StandardMaterial3D (albedo=<no texture>)
Battle/@MeshInstance3D@134 pos=(-14.8, -0.8, -52.5) (0.3 x 0.9 x 0.3)
Battle/@MeshInstance3D@134 material_override -> StandardMaterial3D (albedo=<no texture>)
Battle/@MeshInstance3D@135 pos=(-15.0, -0.6, -52.8) (0.3 x 1.4 x 0.3)
Battle/@MeshInstance3D@135 material_override -> StandardMaterial3D (albedo=<no texture>)
Battle/@MeshInstance3D@136 pos=(-15.3, -0.5, -52.3) (0.3 x 1.6 x 0.3)
Battle/@MeshInstance3D@136 material_override -> StandardMaterial3D (albedo=<no texture>)
Battle/@MeshInstance3D@137 pos=(-14.4, -0.5, -52.6) (0.3 x 1.5 x 0.3)
Battle/@MeshInstance3D@137 material_override -> StandardMaterial3D (albedo=<no texture>)
Battle/@MeshInstance3D@138 pos=(38.7, -1.1, 9.3) (1.8 x 1.3 x 1.7)
Battle/@MeshInstance3D@138 material_override -> StandardMaterial3D (albedo=<no texture>)
Battle/@MeshInstance3D@139 pos=(-13.4, -0.6, -43.8) (2.9 x 2.0 x 2.9)
Battle/@MeshInstance3D@139 material_override -> StandardMaterial3D (albedo=<no texture>)
Battle/@MeshInstance3D@140 pos=(-95.2, -3.3, 66.9) (0.3 x 1.2 x 0.3)
Battle/@MeshInstance3D@140 material_override -> StandardMaterial3D (albedo=<no texture>)
Battle/@MeshInstance3D@141 pos=(-95.5, -3.2, 66.7) (0.3 x 1.4 x 0.3)
Battle/@MeshInstance3D@141 material_override -> StandardMaterial3D (albedo=<no texture>)
Battle/@MeshInstance3D@142 pos=(-94.9, -3.1, 67.3) (0.3 x 1.6 x 0.3)
Battle/@MeshInstance3D@142 material_override -> StandardMaterial3D (albedo=<no texture>)
Battle/@MeshInstance3D@143 pos=(-95.1, -3.3, 66.7) (0.3 x 1.2 x 0.3)
Battle/@MeshInstance3D@143 material_override -> StandardMaterial3D (albedo=<no texture>)
Battle/@MeshInstance3D@144 pos=(-94.8, -3.1, 66.7) (0.3 x 1.6 x 0.3)
Battle/@MeshInstance3D@144 material_override -> StandardMaterial3D (albedo=<no texture>)
Battle/@MeshInstance3D@145 pos=(24.3, 2.2, 124.8) (1.2 x 0.8 x 1.1)
Battle/@MeshInstance3D@145 material_override -> StandardMaterial3D (albedo=<no texture>)
Battle/@MeshInstance3D@146 pos=(-57.0, 0.5, 39.5) (1.1 x 1.1 x 1.1)
Battle/@MeshInstance3D@146 material_override -> StandardMaterial3D (albedo=<no texture>)
Battle/@MeshInstance3D@147 pos=(-62.6, -1.0, -36.0) (1.9 x 1.2 x 1.8)
Battle/@MeshInstance3D@147 material_override -> StandardMaterial3D (albedo=<no texture>)
Battle/@MeshInstance3D@148 pos=(-115.6, -0.7, -50.0) (0.3 x 1.1 x 0.3)
Battle/@MeshInstance3D@148 material_override -> StandardMaterial3D (albedo=<no texture>)
Battle/@MeshInstance3D@149 pos=(-115.9, -0.4, -49.4) (0.3 x 1.6 x 0.3)
Battle/@MeshInstance3D@149 material_override -> StandardMaterial3D (albedo=<no texture>)
Battle/@MeshInstance3D@150 pos=(-115.3, -0.5, -49.7) (0.3 x 1.5 x 0.3)
Battle/@MeshInstance3D@150 material_override -> StandardMaterial3D (albedo=<no texture>)
Battle/@MeshInstance3D@151 pos=(-115.8, -0.5, -49.7) (0.3 x 1.5 x 0.3)
Battle/@MeshInstance3D@151 material_override -> StandardMaterial3D (albedo=<no texture>)
Battle/@MeshInstance3D@152 pos=(-115.4, -0.6, -49.6) (0.3 x 1.2 x 0.3)
Battle/@MeshInstance3D@152 material_override -> StandardMaterial3D (albedo=<no texture>)
Battle/@MeshInstance3D@153 pos=(69.9, -2.3, 85.4) (0.3 x 1.3 x 0.3)
Battle/@MeshInstance3D@153 material_override -> StandardMaterial3D (albedo=<no texture>)
Battle/@MeshInstance3D@154 pos=(69.9, -2.2, 85.6) (0.3 x 1.5 x 0.3)
Battle/@MeshInstance3D@154 material_override -> StandardMaterial3D (albedo=<no texture>)
Battle/@MeshInstance3D@155 pos=(69.2, -2.2, 86.1) (0.3 x 1.5 x 0.3)
Battle/@MeshInstance3D@155 material_override -> StandardMaterial3D (albedo=<no texture>)
Battle/@MeshInstance3D@156 pos=(69.3, -2.4, 85.4) (0.3 x 1.1 x 0.3)
Battle/@MeshInstance3D@156 material_override -> StandardMaterial3D (albedo=<no texture>)
Battle/@MeshInstance3D@157 pos=(17.2, 1.6, 71.0) (0.3 x 1.5 x 0.3)
Battle/@MeshInstance3D@157 material_override -> StandardMaterial3D (albedo=<no texture>)
Battle/@MeshInstance3D@158 pos=(16.9, 1.4, 71.0) (0.3 x 1.0 x 0.3)
Battle/@MeshInstance3D@158 material_override -> StandardMaterial3D (albedo=<no texture>)
Battle/@MeshInstance3D@159 pos=(16.9, 1.6, 70.7) (0.3 x 1.4 x 0.3)
Battle/@MeshInstance3D@159 material_override -> StandardMaterial3D (albedo=<no texture>)
Battle/@MeshInstance3D@160 pos=(1.9, 1.0, 34.8) (1.9 x 0.9 x 1.0)
Battle/@MeshInstance3D@160 material_override -> StandardMaterial3D (albedo=<no texture>)
Battle/@MeshInstance3D@161 pos=(3.9, -1.8, -49.1) (0.3 x 1.4 x 0.3)
Battle/@MeshInstance3D@161 material_override -> StandardMaterial3D (albedo=<no texture>)
Battle/@MeshInstance3D@162 pos=(3.9, -1.8, -49.2) (0.3 x 1.4 x 0.3)
Battle/@MeshInstance3D@162 material_override -> StandardMaterial3D (albedo=<no texture>)
Battle/@MeshInstance3D@163 pos=(3.5, -2.0, -49.7) (0.3 x 1.1 x 0.3)
Battle/@MeshInstance3D@163 material_override -> StandardMaterial3D (albedo=<no texture>)
Battle/@MeshInstance3D@164 pos=(4.1, -1.8, -49.6) (0.3 x 1.6 x 0.3)
Battle/@MeshInstance3D@164 material_override -> StandardMaterial3D (albedo=<no texture>)
Battle/@MeshInstance3D@165 pos=(3.8, -2.1, -49.0) (0.3 x 0.9 x 0.3)
Battle/@MeshInstance3D@165 material_override -> StandardMaterial3D (albedo=<no texture>)
Battle/@MeshInstance3D@166 pos=(-8.2, 2.2, -24.8) (2.8 x 2.0 x 2.8)
Battle/@MeshInstance3D@166 material_override -> StandardMaterial3D (albedo=<no texture>)
Battle/@MeshInstance3D@167 pos=(-34.1, -1.2, 110.0) (4.1 x 2.9 x 4.1)
Battle/@MeshInstance3D@167 material_override -> StandardMaterial3D (albedo=<no texture>)
Battle/@MeshInstance3D@168 pos=(-148.0, 0.9, -67.6) (1.9 x 1.3 x 1.3)
Battle/@MeshInstance3D@168 material_override -> StandardMaterial3D (albedo=<no texture>)
Battle/@MeshInstance3D@169 pos=(-44.1, 2.2, 16.0) (1.2 x 0.8 x 1.8)
Battle/@MeshInstance3D@169 material_override -> StandardMaterial3D (albedo=<no texture>)
Battle/@MeshInstance3D@170 pos=(-13.8, 0.3, 90.8) (0.3 x 0.9 x 0.3)
Battle/@MeshInstance3D@170 material_override -> StandardMaterial3D (albedo=<no texture>)
Battle/@MeshInstance3D@171 pos=(-13.9, 0.6, 90.8) (0.3 x 1.5 x 0.3)
Battle/@MeshInstance3D@171 material_override -> StandardMaterial3D (albedo=<no texture>)
Battle/@MeshInstance3D@172 pos=(-14.2, 0.5, 91.2) (0.3 x 1.3 x 0.3)
Battle/@MeshInstance3D@172 material_override -> StandardMaterial3D (albedo=<no texture>)
Battle/@MeshInstance3D@173 pos=(9.5, 1.3, -35.2) (1.9 x 1.0 x 1.3)
Battle/@MeshInstance3D@173 material_override -> StandardMaterial3D (albedo=<no texture>)
Battle/@MeshInstance3D@174 pos=(129.6, 1.3, -42.9) (1.3 x 1.3 x 1.4)
Battle/@MeshInstance3D@174 material_override -> StandardMaterial3D (albedo=<no texture>)
Battle/@MeshInstance3D@175 pos=(-83.6, -1.7, 64.1) (0.3 x 1.2 x 0.3)
Battle/@MeshInstance3D@175 material_override -> StandardMaterial3D (albedo=<no texture>)
Battle/@MeshInstance3D@176 pos=(-83.3, -1.8, 64.0) (0.3 x 0.9 x 0.3)
Battle/@MeshInstance3D@176 material_override -> StandardMaterial3D (albedo=<no texture>)
Battle/@MeshInstance3D@177 pos=(-83.1, -1.8, 64.1) (0.3 x 1.0 x 0.3)
Battle/@MeshInstance3D@177 material_override -> StandardMaterial3D (albedo=<no texture>)
Battle/@MeshInstance3D@178 pos=(49.9, 0.9, 105.5) (1.1 x 1.4 x 1.5)
Battle/@MeshInstance3D@178 material_override -> StandardMaterial3D (albedo=<no texture>)
Battle/@MeshInstance3D@179 pos=(130.2, 3.4, 77.7) (0.3 x 1.4 x 0.3)
Battle/@MeshInstance3D@179 material_override -> StandardMaterial3D (albedo=<no texture>)
Battle/@MeshInstance3D@180 pos=(130.3, 3.4, 77.6) (0.3 x 1.5 x 0.3)
Battle/@MeshInstance3D@180 material_override -> StandardMaterial3D (albedo=<no texture>)
Battle/@MeshInstance3D@181 pos=(130.2, 3.2, 77.7) (0.3 x 1.0 x 0.3)
Battle/@MeshInstance3D@181 material_override -> StandardMaterial3D (albedo=<no texture>)
Battle/@MeshInstance3D@182 pos=(130.3, 3.2, 77.4) (0.3 x 1.0 x 0.3)
Battle/@MeshInstance3D@182 material_override -> StandardMaterial3D (albedo=<no texture>)
Battle/@MeshInstance3D@183 pos=(130.5, 3.2, 77.3) (0.3 x 1.0 x 0.3)
Battle/@MeshInstance3D@183 material_override -> StandardMaterial3D (albedo=<no texture>)
Battle/@MeshInstance3D@184 pos=(-118.2, -0.3, -20.1) (0.3 x 1.6 x 0.3)
Battle/@MeshInstance3D@184 material_override -> StandardMaterial3D (albedo=<no texture>)
Battle/@MeshInstance3D@185 pos=(-118.4, -0.4, -20.2) (0.3 x 1.5 x 0.3)
Battle/@MeshInstance3D@185 material_override -> StandardMaterial3D (albedo=<no texture>)
Battle/@MeshInstance3D@186 pos=(-118.0, -0.6, -20.3) (0.3 x 1.1 x 0.3)
Battle/@MeshInstance3D@186 material_override -> StandardMaterial3D (albedo=<no texture>)
Battle/@MeshInstance3D@187 pos=(-8.2, -0.2, 14.8) (2.6 x 1.8 x 2.6)
Battle/@MeshInstance3D@187 material_override -> StandardMaterial3D (albedo=<no texture>)
Battle/@MeshInstance3D@188 pos=(-59.8, 0.8, 36.9) (4.2 x 2.9 x 4.2)
Battle/@MeshInstance3D@188 material_override -> StandardMaterial3D (albedo=<no texture>)
Battle/@MeshInstance3D@189 pos=(74.3, 1.2, 32.8) (1.6 x 1.3 x 2.0)
Battle/@MeshInstance3D@189 material_override -> StandardMaterial3D (albedo=<no texture>)
Battle/@MeshInstance3D@190 pos=(-108.3, -0.5, -23.3) (0.3 x 1.2 x 0.3)
Battle/@MeshInstance3D@190 material_override -> StandardMaterial3D (albedo=<no texture>)
Battle/@MeshInstance3D@191 pos=(-108.7, -0.4, -23.4) (0.3 x 1.3 x 0.3)
Battle/@MeshInstance3D@191 material_override -> StandardMaterial3D (albedo=<no texture>)
Battle/@MeshInstance3D@192 pos=(-108.3, -0.4, -23.2) (0.3 x 1.2 x 0.3)
Battle/@MeshInstance3D@192 material_override -> StandardMaterial3D (albedo=<no texture>)
Battle/@MeshInstance3D@193 pos=(-108.2, -0.3, -22.9) (0.3 x 1.5 x 0.3)
Battle/@MeshInstance3D@193 material_override -> StandardMaterial3D (albedo=<no texture>)
Battle/@MeshInstance3D@194 pos=(-107.8, -0.5, -22.9) (0.3 x 1.0 x 0.3)
Battle/@MeshInstance3D@194 material_override -> StandardMaterial3D (albedo=<no texture>)
Battle/@MeshInstance3D@195 pos=(-75.8, -0.4, 71.7) (4.1 x 2.8 x 4.1)
Battle/@MeshInstance3D@195 material_override -> StandardMaterial3D (albedo=<no texture>)
Battle/@MeshInstance3D@196 pos=(-79.8, 0.4, -56.8) (0.3 x 0.9 x 0.3)
Battle/@MeshInstance3D@196 material_override -> StandardMaterial3D (albedo=<no texture>)
Battle/@MeshInstance3D@197 pos=(-79.8, 0.6, -56.6) (0.3 x 1.3 x 0.3)
Battle/@MeshInstance3D@197 material_override -> StandardMaterial3D (albedo=<no texture>)
Battle/@MeshInstance3D@198 pos=(-79.6, 0.7, -56.9) (0.3 x 1.6 x 0.3)
Battle/@MeshInstance3D@198 material_override -> StandardMaterial3D (albedo=<no texture>)
Battle/@MeshInstance3D@199 pos=(-80.5, 0.4, -56.9) (0.3 x 0.9 x 0.3)
Battle/@MeshInstance3D@199 material_override -> StandardMaterial3D (albedo=<no texture>)
Battle/@MeshInstance3D@200 pos=(88.6, 2.0, -54.4) (0.3 x 1.0 x 0.3)
Battle/@MeshInstance3D@200 material_override -> StandardMaterial3D (albedo=<no texture>)
Battle/@MeshInstance3D@201 pos=(88.8, 2.0, -54.2) (0.3 x 1.0 x 0.3)
Battle/@MeshInstance3D@201 material_override -> StandardMaterial3D (albedo=<no texture>)
Battle/@MeshInstance3D@202 pos=(88.7, 2.2, -54.4) (0.3 x 1.3 x 0.3)
Battle/@MeshInstance3D@202 material_override -> StandardMaterial3D (albedo=<no texture>)
Battle/@MeshInstance3D@203 pos=(89.5, 2.4, -54.1) (0.3 x 1.7 x 0.3)
Battle/@MeshInstance3D@203 material_override -> StandardMaterial3D (albedo=<no texture>)
Battle/@MeshInstance3D@204 pos=(89.3, 2.2, -54.3) (0.3 x 1.4 x 0.3)
Battle/@MeshInstance3D@204 material_override -> StandardMaterial3D (albedo=<no texture>)
Battle/@MeshInstance3D@205 pos=(91.4, -0.6, 2.7) (0.3 x 1.5 x 0.3)
Battle/@MeshInstance3D@205 material_override -> StandardMaterial3D (albedo=<no texture>)
Battle/@MeshInstance3D@206 pos=(91.6, -0.7, 3.0) (0.3 x 1.4 x 0.3)
Battle/@MeshInstance3D@206 material_override -> StandardMaterial3D (albedo=<no texture>)
Battle/@MeshInstance3D@207 pos=(91.7, -0.9, 3.1) (0.3 x 1.0 x 0.3)
Battle/@MeshInstance3D@207 material_override -> StandardMaterial3D (albedo=<no texture>)
Battle/@MeshInstance3D@208 pos=(92.0, -0.8, 2.5) (0.3 x 1.2 x 0.3)
Battle/@MeshInstance3D@208 material_override -> StandardMaterial3D (albedo=<no texture>)
Battle/@MeshInstance3D@209 pos=(91.6, -0.9, 3.0) (0.3 x 0.9 x 0.3)
Battle/@MeshInstance3D@209 material_override -> StandardMaterial3D (albedo=<no texture>)
Battle/@MeshInstance3D@210 pos=(130.6, 0.2, -16.5) (1.4 x 1.3 x 1.8)
Battle/@MeshInstance3D@210 material_override -> StandardMaterial3D (albedo=<no texture>)
Battle/@MeshInstance3D@211 pos=(-108.8, -0.5, 24.1) (0.3 x 1.5 x 0.3)
Battle/@MeshInstance3D@211 material_override -> StandardMaterial3D (albedo=<no texture>)
Battle/@MeshInstance3D@212 pos=(-109.3, -0.8, 23.7) (0.3 x 1.0 x 0.3)
Battle/@MeshInstance3D@212 material_override -> StandardMaterial3D (albedo=<no texture>)
Battle/@MeshInstance3D@213 pos=(-109.5, -0.7, 24.0) (0.3 x 1.2 x 0.3)
Battle/@MeshInstance3D@213 material_override -> StandardMaterial3D (albedo=<no texture>)
Battle/@MeshInstance3D@214 pos=(-109.4, -0.5, 23.3) (0.3 x 1.6 x 0.3)
Battle/@MeshInstance3D@214 material_override -> StandardMaterial3D (albedo=<no texture>)
Battle/@MeshInstance3D@215 pos=(-43.5, 2.4, 0.6) (1.9 x 1.3 x 1.3)
Battle/@MeshInstance3D@215 material_override -> StandardMaterial3D (albedo=<no texture>)
Battle/@MeshInstance3D@216 pos=(65.7, 2.3, 55.5) (0.3 x 1.3 x 0.3)
Battle/@MeshInstance3D@216 material_override -> StandardMaterial3D (albedo=<no texture>)
Battle/@MeshInstance3D@217 pos=(65.5, 2.4, 56.1) (0.3 x 1.4 x 0.3)
Battle/@MeshInstance3D@217 material_override -> StandardMaterial3D (albedo=<no texture>)
Battle/@MeshInstance3D@218 pos=(65.8, 2.5, 55.3) (0.3 x 1.5 x 0.3)
Battle/@MeshInstance3D@218 material_override -> StandardMaterial3D (albedo=<no texture>)
Battle/@MeshInstance3D@219 pos=(65.3, 2.5, 55.9) (0.3 x 1.6 x 0.3)
Battle/@MeshInstance3D@219 material_override -> StandardMaterial3D (albedo=<no texture>)
Battle/@MeshInstance3D@220 pos=(66.1, 2.2, 55.8) (0.3 x 1.0 x 0.3)
Battle/@MeshInstance3D@220 material_override -> StandardMaterial3D (albedo=<no texture>)
Battle/@MeshInstance3D@221 pos=(-58.7, 4.3, 157.9) (0.9 x 5.9 x 0.9)
Battle/@MeshInstance3D@221 material_override -> StandardMaterial3D (albedo=<no texture>)
Battle/@MeshInstance3D@222 pos=(-58.3, 4.1, 160.0) (0.9 x 5.5 x 0.9)
Battle/@MeshInstance3D@222 material_override -> StandardMaterial3D (albedo=<no texture>)
Battle/@MeshInstance3D@223 pos=(-59.6, 4.2, 158.1) (0.9 x 5.7 x 0.9)
Battle/@MeshInstance3D@223 material_override -> StandardMaterial3D (albedo=<no texture>)
Battle/@MeshInstance3D@224 pos=(-57.1, 4.2, 158.4) (0.9 x 5.8 x 0.9)
Battle/@MeshInstance3D@224 material_override -> StandardMaterial3D (albedo=<no texture>)
Battle/@MeshInstance3D@225 pos=(-59.2, 4.9, 158.5) (0.9 x 7.2 x 0.9)
Battle/@MeshInstance3D@225 material_override -> StandardMaterial3D (albedo=<no texture>)
Battle/@MeshInstance3D@226 pos=(-59.4, 4.4, 159.2) (0.9 x 6.0 x 0.9)
Battle/@MeshInstance3D@226 material_override -> StandardMaterial3D (albedo=<no texture>)
Battle/@MeshInstance3D@227 pos=(158.8, 1.1, 156.9) (0.9 x 5.3 x 0.9)
Battle/@MeshInstance3D@227 material_override -> StandardMaterial3D (albedo=<no texture>)
Battle/@MeshInstance3D@228 pos=(158.5, 1.6, 158.3) (0.9 x 6.4 x 0.9)
Battle/@MeshInstance3D@228 material_override -> StandardMaterial3D (albedo=<no texture>)
Battle/@MeshInstance3D@229 pos=(158.3, 0.9, 156.6) (0.9 x 5.0 x 0.9)
Battle/@MeshInstance3D@229 material_override -> StandardMaterial3D (albedo=<no texture>)
Battle/@MeshInstance3D@230 pos=(157.6, 2.0, 156.6) (0.9 x 7.1 x 0.9)
Battle/@MeshInstance3D@230 material_override -> StandardMaterial3D (albedo=<no texture>)
Battle/@MeshInstance3D@231 pos=(-50.9, 0.0, -156.0) (0.9 x 5.1 x 0.9)
Battle/@MeshInstance3D@231 material_override -> StandardMaterial3D (albedo=<no texture>)
Battle/@MeshInstance3D@232 pos=(-52.5, 0.9, -158.5) (0.9 x 6.9 x 0.9)
Battle/@MeshInstance3D@232 material_override -> StandardMaterial3D (albedo=<no texture>)
Battle/@MeshInstance3D@233 pos=(-52.2, 0.5, -156.9) (0.9 x 6.1 x 0.9)
Battle/@MeshInstance3D@233 material_override -> StandardMaterial3D (albedo=<no texture>)
Battle/@MeshInstance3D@234 pos=(-52.8, -0.1, -158.6) (0.9 x 4.8 x 0.9)
Battle/@MeshInstance3D@234 material_override -> StandardMaterial3D (albedo=<no texture>)
Battle/@MeshInstance3D@235 pos=(-50.7, 0.4, -157.2) (0.9 x 5.7 x 0.9)
Battle/@MeshInstance3D@235 material_override -> StandardMaterial3D (albedo=<no texture>)
Battle/@MeshInstance3D@236 pos=(-69.6, 5.0, 153.9) (0.9 x 4.5 x 0.9)
Battle/@MeshInstance3D@236 material_override -> StandardMaterial3D (albedo=<no texture>)
Battle/@MeshInstance3D@237 pos=(-69.4, 6.0, 153.0) (0.9 x 6.5 x 0.9)
Battle/@MeshInstance3D@237 material_override -> StandardMaterial3D (albedo=<no texture>)
Battle/@MeshInstance3D@238 pos=(-68.6, 5.9, 152.0) (0.9 x 6.4 x 0.9)
Battle/@MeshInstance3D@238 material_override -> StandardMaterial3D (albedo=<no texture>)
Battle/@MeshInstance3D@239 pos=(-66.8, 5.6, 151.4) (0.9 x 5.8 x 0.9)
Battle/@MeshInstance3D@239 material_override -> StandardMaterial3D (albedo=<no texture>)
Battle/@MeshInstance3D@240 pos=(-67.7, 5.0, 151.5) (0.9 x 4.4 x 0.9)
Battle/@MeshInstance3D@240 material_override -> StandardMaterial3D (albedo=<no texture>)
Battle/@MeshInstance3D@241 pos=(128.4, 0.8, 160.3) (0.9 x 6.8 x 0.9)
Battle/@MeshInstance3D@241 material_override -> StandardMaterial3D (albedo=<no texture>)
Battle/@MeshInstance3D@242 pos=(129.6, 0.8, 159.5) (0.9 x 6.7 x 0.9)
Battle/@MeshInstance3D@242 material_override -> StandardMaterial3D (albedo=<no texture>)
Battle/@MeshInstance3D@243 pos=(128.0, -0.2, 160.1) (0.9 x 4.8 x 0.9)
Battle/@MeshInstance3D@243 material_override -> StandardMaterial3D (albedo=<no texture>)
Battle/@MeshInstance3D@244 pos=(130.0, -0.4, 158.2) (0.9 x 4.3 x 0.9)
Battle/@MeshInstance3D@244 material_override -> StandardMaterial3D (albedo=<no texture>)
Battle/@MeshInstance3D@245 pos=(129.5, -0.6, 159.9) (0.9 x 4.0 x 0.9)
Battle/@MeshInstance3D@245 material_override -> StandardMaterial3D (albedo=<no texture>)
Battle/@MeshInstance3D@246 pos=(-7.8, 1.7, 149.4) (0.9 x 5.0 x 0.9)
Battle/@MeshInstance3D@246 material_override -> StandardMaterial3D (albedo=<no texture>)
Battle/@MeshInstance3D@247 pos=(-7.7, 1.6, 150.2) (0.9 x 4.7 x 0.9)
Battle/@MeshInstance3D@247 material_override -> StandardMaterial3D (albedo=<no texture>)
Battle/@MeshInstance3D@248 pos=(-6.6, 2.5, 150.9) (0.9 x 6.5 x 0.9)
Battle/@MeshInstance3D@248 material_override -> StandardMaterial3D (albedo=<no texture>)
Battle/@MeshInstance3D@249 pos=(-7.9, 2.7, 152.0) (0.9 x 6.8 x 0.9)
Battle/@MeshInstance3D@249 material_override -> StandardMaterial3D (albedo=<no texture>)
Battle/@MeshInstance3D@250 pos=(-157.6, 2.8, 142.1) (0.9 x 6.9 x 0.9)
Battle/@MeshInstance3D@250 material_override -> StandardMaterial3D (albedo=<no texture>)
Battle/@MeshInstance3D@251 pos=(-160.3, 2.1, 143.0) (0.9 x 5.4 x 0.9)
Battle/@MeshInstance3D@251 material_override -> StandardMaterial3D (albedo=<no texture>)
Battle/@MeshInstance3D@252 pos=(-157.8, 2.4, 145.2) (0.9 x 6.1 x 0.9)
Battle/@MeshInstance3D@252 material_override -> StandardMaterial3D (albedo=<no texture>)
Battle/@MeshInstance3D@253 pos=(-160.1, 2.5, 143.2) (0.9 x 6.3 x 0.9)
Battle/@MeshInstance3D@253 material_override -> StandardMaterial3D (albedo=<no texture>)
Battle/@MeshInstance3D@254 pos=(-158.8, 2.8, 144.6) (0.9 x 6.8 x 0.9)
Battle/@MeshInstance3D@254 material_override -> StandardMaterial3D (albedo=<no texture>)
Battle/@MeshInstance3D@255 pos=(152.9, 3.6, -117.0) (0.9 x 6.9 x 0.9)
Battle/@MeshInstance3D@255 material_override -> StandardMaterial3D (albedo=<no texture>)
Battle/@MeshInstance3D@256 pos=(151.1, 3.8, -116.6) (0.9 x 7.2 x 0.9)
Battle/@MeshInstance3D@256 material_override -> StandardMaterial3D (albedo=<no texture>)
Battle/@MeshInstance3D@257 pos=(153.3, 2.2, -115.1) (0.9 x 4.0 x 0.9)
Battle/@MeshInstance3D@257 material_override -> StandardMaterial3D (albedo=<no texture>)
Battle/@MeshInstance3D@258 pos=(151.1, 3.5, -115.3) (0.9 x 6.7 x 0.9)
Battle/@MeshInstance3D@258 material_override -> StandardMaterial3D (albedo=<no texture>)
Battle/@MeshInstance3D@259 pos=(153.0, 2.4, -116.2) (0.9 x 4.5 x 0.9)
Battle/@MeshInstance3D@259 material_override -> StandardMaterial3D (albedo=<no texture>)
Battle/@MeshInstance3D@260 pos=(156.6, 3.1, -45.0) (0.9 x 7.0 x 0.9)
Battle/@MeshInstance3D@260 material_override -> StandardMaterial3D (albedo=<no texture>)
Battle/@MeshInstance3D@261 pos=(155.6, 1.7, -43.4) (0.9 x 4.3 x 0.9)
Battle/@MeshInstance3D@261 material_override -> StandardMaterial3D (albedo=<no texture>)
Battle/@MeshInstance3D@262 pos=(155.2, 2.4, -43.1) (0.9 x 5.6 x 0.9)
Battle/@MeshInstance3D@262 material_override -> StandardMaterial3D (albedo=<no texture>)
Battle/@MeshInstance3D@263 pos=(155.9, 2.1, -43.8) (0.9 x 5.1 x 0.9)
Battle/@MeshInstance3D@263 material_override -> StandardMaterial3D (albedo=<no texture>)
Battle/@MeshInstance3D@264 pos=(157.1, 3.1, -43.6) (0.9 x 7.0 x 0.9)
Battle/@MeshInstance3D@264 material_override -> StandardMaterial3D (albedo=<no texture>)
Battle/@MeshInstance3D@265 pos=(-150.2, 4.4, -144.4) (0.9 x 6.4 x 0.9)
Battle/@MeshInstance3D@265 material_override -> StandardMaterial3D (albedo=<no texture>)
Battle/@MeshInstance3D@266 pos=(-151.8, 3.6, -146.3) (0.9 x 4.8 x 0.9)
Battle/@MeshInstance3D@266 material_override -> StandardMaterial3D (albedo=<no texture>)
Battle/@MeshInstance3D@267 pos=(-149.9, 4.5, -144.0) (0.9 x 6.5 x 0.9)
Battle/@MeshInstance3D@267 material_override -> StandardMaterial3D (albedo=<no texture>)
Battle/@MeshInstance3D@268 pos=(-151.9, 3.5, -145.7) (0.9 x 4.5 x 0.9)
Battle/@MeshInstance3D@268 material_override -> StandardMaterial3D (albedo=<no texture>)
Battle/@MeshInstance3D@269 pos=(-151.0, 4.0, -144.2) (0.9 x 5.5 x 0.9)
Battle/@MeshInstance3D@269 material_override -> StandardMaterial3D (albedo=<no texture>)
Battle/@MeshInstance3D@270 pos=(-152.2, 4.0, -143.7) (0.9 x 5.5 x 0.9)
Battle/@MeshInstance3D@270 material_override -> StandardMaterial3D (albedo=<no texture>)
Battle/@MeshInstance3D@271 pos=(-158.5, 3.1, -29.1) (0.9 x 5.6 x 0.9)
Battle/@MeshInstance3D@271 material_override -> StandardMaterial3D (albedo=<no texture>)
Battle/@MeshInstance3D@272 pos=(-160.2, 3.6, -26.8) (0.9 x 6.6 x 0.9)
Battle/@MeshInstance3D@272 material_override -> StandardMaterial3D (albedo=<no texture>)
Battle/@MeshInstance3D@273 pos=(-158.2, 3.1, -27.8) (0.9 x 5.6 x 0.9)
Battle/@MeshInstance3D@273 material_override -> StandardMaterial3D (albedo=<no texture>)
Battle/@MeshInstance3D@274 pos=(-159.4, 3.2, -29.0) (0.9 x 5.9 x 0.9)
Battle/@MeshInstance3D@274 material_override -> StandardMaterial3D (albedo=<no texture>)
Battle/@MeshInstance3D@275 pos=(-11.6, 1.7, 152.2) (0.9 x 4.6 x 0.9)
Battle/@MeshInstance3D@275 material_override -> StandardMaterial3D (albedo=<no texture>)
Battle/@MeshInstance3D@276 pos=(-10.3, 2.3, 151.1) (0.9 x 5.8 x 0.9)
Battle/@MeshInstance3D@276 material_override -> StandardMaterial3D (albedo=<no texture>)
Battle/@MeshInstance3D@277 pos=(-10.3, 2.1, 150.4) (0.9 x 5.3 x 0.9)
Battle/@MeshInstance3D@277 material_override -> StandardMaterial3D (albedo=<no texture>)
Battle/@MeshInstance3D@278 pos=(-10.5, 2.0, 150.8) (0.9 x 5.3 x 0.9)
Battle/@MeshInstance3D@278 material_override -> StandardMaterial3D (albedo=<no texture>)
Battle/@MeshInstance3D@279 pos=(-11.7, 1.7, 152.4) (0.9 x 4.5 x 0.9)
Battle/@MeshInstance3D@279 material_override -> StandardMaterial3D (albedo=<no texture>)
Battle/@MeshInstance3D@280 pos=(-10.5, 2.4, 149.6) (0.9 x 6.0 x 0.9)
Battle/@MeshInstance3D@280 material_override -> StandardMaterial3D (albedo=<no texture>)
Battle/@MeshInstance3D@281 pos=(-154.2, 2.0, 8.7) (0.9 x 5.8 x 0.9)
Battle/@MeshInstance3D@281 material_override -> StandardMaterial3D (albedo=<no texture>)
Battle/@MeshInstance3D@282 pos=(-156.2, 1.1, 8.9) (0.9 x 4.0 x 0.9)
Battle/@MeshInstance3D@282 material_override -> StandardMaterial3D (albedo=<no texture>)
Battle/@MeshInstance3D@283 pos=(-153.3, 1.6, 8.0) (0.9 x 5.0 x 0.9)
Battle/@MeshInstance3D@283 material_override -> StandardMaterial3D (albedo=<no texture>)
Battle/@MeshInstance3D@284 pos=(-155.4, 2.3, 8.3) (0.9 x 6.3 x 0.9)
Battle/@MeshInstance3D@284 material_override -> StandardMaterial3D (albedo=<no texture>)
Battle/@MeshInstance3D@285 pos=(-154.2, 2.2, 6.5) (0.9 x 6.1 x 0.9)
Battle/@MeshInstance3D@285 material_override -> StandardMaterial3D (albedo=<no texture>)
Battle/@MeshInstance3D@286 pos=(-155.6, 2.4, 8.7) (0.9 x 6.5 x 0.9)
Battle/@MeshInstance3D@286 material_override -> StandardMaterial3D (albedo=<no texture>)
Battle/@MeshInstance3D@287 pos=(157.2, 4.9, 74.3) (0.9 x 6.8 x 0.9)
Battle/@MeshInstance3D@287 material_override -> StandardMaterial3D (albedo=<no texture>)
Battle/@MeshInstance3D@288 pos=(156.7, 4.9, 73.2) (0.9 x 6.8 x 0.9)
Battle/@MeshInstance3D@288 material_override -> StandardMaterial3D (albedo=<no texture>)
Battle/@MeshInstance3D@289 pos=(157.0, 4.8, 72.8) (0.9 x 6.6 x 0.9)
Battle/@MeshInstance3D@289 material_override -> StandardMaterial3D (albedo=<no texture>)
Battle/@MeshInstance3D@290 pos=(156.2, 5.1, 74.0) (0.9 x 7.2 x 0.9)
Battle/@MeshInstance3D@290 material_override -> StandardMaterial3D (albedo=<no texture>)
Battle/@MeshInstance3D@291 pos=(156.7, 4.7, 73.3) (0.9 x 6.5 x 0.9)
Battle/@MeshInstance3D@291 material_override -> StandardMaterial3D (albedo=<no texture>)
Battle/@MeshInstance3D@292 pos=(157.5, 4.0, 74.1) (0.9 x 5.0 x 0.9)
Battle/@MeshInstance3D@292 material_override -> StandardMaterial3D (albedo=<no texture>)
Battle/@MeshInstance3D@293 pos=(-159.7, 1.9, 73.8) (0.9 x 4.8 x 0.9)
Battle/@MeshInstance3D@293 material_override -> StandardMaterial3D (albedo=<no texture>)
Battle/@MeshInstance3D@294 pos=(-159.1, 2.6, 73.5) (0.9 x 6.0 x 0.9)
Battle/@MeshInstance3D@294 material_override -> StandardMaterial3D (albedo=<no texture>)
Battle/@MeshInstance3D@295 pos=(-159.2, 1.8, 72.8) (0.9 x 4.5 x 0.9)
Battle/@MeshInstance3D@295 material_override -> StandardMaterial3D (albedo=<no texture>)
Battle/@MeshInstance3D@296 pos=(-161.1, 1.8, 73.1) (0.9 x 4.5 x 0.9)
Battle/@MeshInstance3D@296 material_override -> StandardMaterial3D (albedo=<no texture>)
Battle/@MeshInstance3D@297 pos=(-160.5, 2.1, 72.8) (0.9 x 5.0 x 0.9)
Battle/@MeshInstance3D@297 material_override -> StandardMaterial3D (albedo=<no texture>)
Battle/@MeshInstance3D@298 pos=(-158.1, 1.8, 74.5) (0.9 x 4.6 x 0.9)
Battle/@MeshInstance3D@298 material_override -> StandardMaterial3D (albedo=<no texture>)
Battle/@MeshInstance3D@299 pos=(158.4, 3.9, 128.1) (0.9 x 4.9 x 0.9)
Battle/@MeshInstance3D@299 material_override -> StandardMaterial3D (albedo=<no texture>)
Battle/@MeshInstance3D@300 pos=(157.2, 4.5, 125.9) (0.9 x 6.2 x 0.9)
Battle/@MeshInstance3D@300 material_override -> StandardMaterial3D (albedo=<no texture>)
Battle/@MeshInstance3D@301 pos=(157.7, 4.3, 126.4) (0.9 x 5.7 x 0.9)
Battle/@MeshInstance3D@301 material_override -> StandardMaterial3D (albedo=<no texture>)
Battle/@MeshInstance3D@302 pos=(157.9, 4.5, 128.0) (0.9 x 6.1 x 0.9)
Battle/@MeshInstance3D@302 material_override -> StandardMaterial3D (albedo=<no texture>)
Battle/@MeshInstance3D@303 pos=(160.1, 2.7, 47.4) (0.9 x 4.4 x 0.9)
Battle/@MeshInstance3D@303 material_override -> StandardMaterial3D (albedo=<no texture>)
Battle/@MeshInstance3D@304 pos=(158.5, 2.5, 47.6) (0.9 x 4.0 x 0.9)
Battle/@MeshInstance3D@304 material_override -> StandardMaterial3D (albedo=<no texture>)
Battle/@MeshInstance3D@305 pos=(158.5, 3.4, 46.1) (0.9 x 5.8 x 0.9)
Battle/@MeshInstance3D@305 material_override -> StandardMaterial3D (albedo=<no texture>)
Battle/@MeshInstance3D@306 pos=(159.8, 2.8, 47.4) (0.9 x 4.5 x 0.9)
Battle/@MeshInstance3D@306 material_override -> StandardMaterial3D (albedo=<no texture>)
Battle/@MeshInstance3D@307 pos=(160.2, 3.4, 46.4) (0.9 x 5.9 x 0.9)
Battle/@MeshInstance3D@307 material_override -> StandardMaterial3D (albedo=<no texture>)
Battle/@MeshInstance3D@308 pos=(-155.2, 2.2, -47.8) (0.9 x 5.1 x 0.9)
Battle/@MeshInstance3D@308 material_override -> StandardMaterial3D (albedo=<no texture>)
Battle/@MeshInstance3D@309 pos=(-152.9, 2.8, -47.7) (0.9 x 6.1 x 0.9)
Battle/@MeshInstance3D@309 material_override -> StandardMaterial3D (albedo=<no texture>)
Battle/@MeshInstance3D@310 pos=(-152.0, 2.5, -49.7) (0.9 x 5.7 x 0.9)
Battle/@MeshInstance3D@310 material_override -> StandardMaterial3D (albedo=<no texture>)
Battle/@MeshInstance3D@311 pos=(-155.2, 2.0, -48.5) (0.9 x 4.6 x 0.9)
Battle/@MeshInstance3D@311 material_override -> StandardMaterial3D (albedo=<no texture>)
Battle/@MeshInstance3D@312 pos=(-154.3, 2.0, -49.1) (0.9 x 4.6 x 0.9)
Battle/@MeshInstance3D@312 material_override -> StandardMaterial3D (albedo=<no texture>)
Battle/@MeshInstance3D@313 pos=(-155.0, 2.3, -47.2) (0.9 x 5.3 x 0.9)
Battle/@MeshInstance3D@313 material_override -> StandardMaterial3D (albedo=<no texture>)
Battle/@MeshInstance3D@314 pos=(96.2, 1.0, 159.4) (0.9 x 4.4 x 0.9)
Battle/@MeshInstance3D@314 material_override -> StandardMaterial3D (albedo=<no texture>)
Battle/@MeshInstance3D@315 pos=(95.4, 1.8, 158.5) (0.9 x 5.9 x 0.9)
Battle/@MeshInstance3D@315 material_override -> StandardMaterial3D (albedo=<no texture>)
Battle/@MeshInstance3D@316 pos=(95.4, 2.4, 157.9) (0.9 x 7.1 x 0.9)
Battle/@MeshInstance3D@316 material_override -> StandardMaterial3D (albedo=<no texture>)
Battle/@MeshInstance3D@317 pos=(97.9, 1.2, 159.2) (0.9 x 4.6 x 0.9)
Battle/@MeshInstance3D@317 material_override -> StandardMaterial3D (albedo=<no texture>)
Battle/@MeshInstance3D@318 pos=(98.2, 1.1, 157.6) (0.9 x 4.5 x 0.9)
Battle/@MeshInstance3D@318 material_override -> StandardMaterial3D (albedo=<no texture>)
Battle/@MeshInstance3D@319 pos=(96.0, 1.1, 159.6) (0.9 x 4.5 x 0.9)
Battle/@MeshInstance3D@319 material_override -> StandardMaterial3D (albedo=<no texture>)
Battle/@MeshInstance3D@320 pos=(159.4, 2.0, -157.6) (0.9 x 4.3 x 0.9)
Battle/@MeshInstance3D@320 material_override -> StandardMaterial3D (albedo=<no texture>)
Battle/@MeshInstance3D@321 pos=(159.4, 2.1, -159.5) (0.9 x 4.4 x 0.9)
Battle/@MeshInstance3D@321 material_override -> StandardMaterial3D (albedo=<no texture>)
Battle/@MeshInstance3D@322 pos=(159.2, 2.6, -158.9) (0.9 x 5.5 x 0.9)
Battle/@MeshInstance3D@322 material_override -> StandardMaterial3D (albedo=<no texture>)
Battle/@MeshInstance3D@323 pos=(157.8, 2.4, -158.0) (0.9 x 5.1 x 0.9)
Battle/@MeshInstance3D@323 material_override -> StandardMaterial3D (albedo=<no texture>)
Battle/@MeshInstance3D@324 pos=(158.2, 2.4, -159.0) (0.9 x 5.2 x 0.9)
Battle/@MeshInstance3D@324 material_override -> StandardMaterial3D (albedo=<no texture>)
Battle/@MeshInstance3D@325 pos=(158.5, 2.2, -157.5) (0.9 x 4.8 x 0.9)
Battle/@MeshInstance3D@325 material_override -> StandardMaterial3D (albedo=<no texture>)
Battle/@MeshInstance3D@326 pos=(92.7, 2.7, 151.4) (0.9 x 5.3 x 0.9)
Battle/@MeshInstance3D@326 material_override -> StandardMaterial3D (albedo=<no texture>)
Battle/@MeshInstance3D@327 pos=(92.9, 2.3, 153.3) (0.9 x 4.5 x 0.9)
Battle/@MeshInstance3D@327 material_override -> StandardMaterial3D (albedo=<no texture>)
Battle/@MeshInstance3D@328 pos=(91.4, 3.4, 153.7) (0.9 x 6.8 x 0.9)
Battle/@MeshInstance3D@328 material_override -> StandardMaterial3D (albedo=<no texture>)
Battle/@MeshInstance3D@329 pos=(92.3, 3.4, 153.6) (0.9 x 6.8 x 0.9)
Battle/@MeshInstance3D@329 material_override -> StandardMaterial3D (albedo=<no texture>)
Battle/@MeshInstance3D@330 pos=(92.0, 2.5, 152.5) (0.9 x 5.0 x 0.9)
Battle/@MeshInstance3D@330 material_override -> StandardMaterial3D (albedo=<no texture>)
Battle/@MeshInstance3D@331 pos=(151.8, 2.4, -124.7) (0.9 x 4.8 x 0.9)
Battle/@MeshInstance3D@331 material_override -> StandardMaterial3D (albedo=<no texture>)
Battle/@MeshInstance3D@332 pos=(149.9, 3.3, -126.3) (0.9 x 6.5 x 0.9)
Battle/@MeshInstance3D@332 material_override -> StandardMaterial3D (albedo=<no texture>)
Battle/@MeshInstance3D@333 pos=(151.7, 2.9, -125.6) (0.9 x 5.7 x 0.9)
Battle/@MeshInstance3D@333 material_override -> StandardMaterial3D (albedo=<no texture>)
Battle/@MeshInstance3D@334 pos=(151.1, 2.8, -124.8) (0.9 x 5.6 x 0.9)
Battle/@MeshInstance3D@334 material_override -> StandardMaterial3D (albedo=<no texture>)
Battle/@MeshInstance3D@335 pos=(69.1, 2.2, -150.6) (0.9 x 4.4 x 0.9)
Battle/@MeshInstance3D@335 material_override -> StandardMaterial3D (albedo=<no texture>)
Battle/@MeshInstance3D@336 pos=(69.0, 2.2, -151.0) (0.9 x 4.4 x 0.9)
Battle/@MeshInstance3D@336 material_override -> StandardMaterial3D (albedo=<no texture>)
Battle/@MeshInstance3D@337 pos=(68.4, 2.5, -151.7) (0.9 x 5.0 x 0.9)
Battle/@MeshInstance3D@337 material_override -> StandardMaterial3D (albedo=<no texture>)
Battle/@MeshInstance3D@338 pos=(67.9, 3.6, -150.5) (0.9 x 7.2 x 0.9)
Battle/@MeshInstance3D@338 material_override -> StandardMaterial3D (albedo=<no texture>)
Battle/@MeshInstance3D@339 pos=(-126.4, 4.2, -153.1) (0.9 x 4.1 x 0.9)
Battle/@MeshInstance3D@339 material_override -> StandardMaterial3D (albedo=<no texture>)
Battle/@MeshInstance3D@340 pos=(-128.2, 4.9, -152.7) (0.9 x 5.5 x 0.9)
Battle/@MeshInstance3D@340 material_override -> StandardMaterial3D (albedo=<no texture>)
Battle/@MeshInstance3D@341 pos=(-127.8, 4.4, -151.3) (0.9 x 4.5 x 0.9)
Battle/@MeshInstance3D@341 material_override -> StandardMaterial3D (albedo=<no texture>)
Battle/@MeshInstance3D@342 pos=(-127.0, 4.8, -152.5) (0.9 x 5.3 x 0.9)
Battle/@MeshInstance3D@342 material_override -> StandardMaterial3D (albedo=<no texture>)
Battle/@MeshInstance3D@343 pos=(-126.7, 5.5, -152.2) (0.9 x 6.7 x 0.9)
Battle/@MeshInstance3D@343 material_override -> StandardMaterial3D (albedo=<no texture>)
Battle/@MeshInstance3D@344 pos=(-126.5, 5.4, -152.5) (0.9 x 6.4 x 0.9)
Battle/@MeshInstance3D@344 material_override -> StandardMaterial3D (albedo=<no texture>)
Battle/@MeshInstance3D@345 pos=(-159.4, 2.5, -59.8) (0.9 x 4.1 x 0.9)
Battle/@MeshInstance3D@345 material_override -> StandardMaterial3D (albedo=<no texture>)
Battle/@MeshInstance3D@346 pos=(-160.8, 2.5, -61.3) (0.9 x 4.1 x 0.9)
Battle/@MeshInstance3D@346 material_override -> StandardMaterial3D (albedo=<no texture>)
Battle/@MeshInstance3D@347 pos=(-158.8, 3.6, -58.7) (0.9 x 6.3 x 0.9)
Battle/@MeshInstance3D@347 material_override -> StandardMaterial3D (albedo=<no texture>)
Battle/@MeshInstance3D@348 pos=(-158.3, 3.3, -60.6) (0.9 x 5.7 x 0.9)
Battle/@MeshInstance3D@348 material_override -> StandardMaterial3D (albedo=<no texture>)
Battle/@MeshInstance3D@349 pos=(136.5, -0.1, 154.1) (0.9 x 5.3 x 0.9)
Battle/@MeshInstance3D@349 material_override -> StandardMaterial3D (albedo=<no texture>)
Battle/@MeshInstance3D@350 pos=(136.4, -0.1, 156.0) (0.9 x 5.3 x 0.9)
Battle/@MeshInstance3D@350 material_override -> StandardMaterial3D (albedo=<no texture>)
Battle/@MeshInstance3D@351 pos=(135.8, 0.7, 156.5) (0.9 x 7.0 x 0.9)
Battle/@MeshInstance3D@351 material_override -> StandardMaterial3D (albedo=<no texture>)
Battle/@MeshInstance3D@352 pos=(136.1, 0.6, 155.1) (0.9 x 6.8 x 0.9)
Battle/@MeshInstance3D@352 material_override -> StandardMaterial3D (albedo=<no texture>)
Battle/@MeshInstance3D@353 pos=(158.0, 3.4, 81.4) (0.9 x 5.0 x 0.9)
Battle/@MeshInstance3D@353 material_override -> StandardMaterial3D (albedo=<no texture>)
Battle/@MeshInstance3D@354 pos=(156.7, 3.6, 80.7) (0.9 x 5.3 x 0.9)
Battle/@MeshInstance3D@354 material_override -> StandardMaterial3D (albedo=<no texture>)
Battle/@MeshInstance3D@355 pos=(157.6, 3.9, 81.4) (0.9 x 5.9 x 0.9)
Battle/@MeshInstance3D@355 material_override -> StandardMaterial3D (albedo=<no texture>)
Battle/@MeshInstance3D@356 pos=(157.1, 4.2, 78.9) (0.9 x 6.4 x 0.9)
Battle/@MeshInstance3D@356 material_override -> StandardMaterial3D (albedo=<no texture>)
Battle/@MeshInstance3D@357 pos=(-159.9, 4.3, -65.1) (0.9 x 6.6 x 0.9)
Battle/@MeshInstance3D@357 material_override -> StandardMaterial3D (albedo=<no texture>)
Battle/@MeshInstance3D@358 pos=(-160.6, 3.4, -65.7) (0.9 x 4.9 x 0.9)
Battle/@MeshInstance3D@358 material_override -> StandardMaterial3D (albedo=<no texture>)
Battle/@MeshInstance3D@359 pos=(-161.0, 4.5, -67.4) (0.9 x 7.0 x 0.9)
Battle/@MeshInstance3D@359 material_override -> StandardMaterial3D (albedo=<no texture>)
Battle/@MeshInstance3D@360 pos=(-159.3, 4.3, -65.2) (0.9 x 6.5 x 0.9)
Battle/@MeshInstance3D@360 material_override -> StandardMaterial3D (albedo=<no texture>)
Battle/@MeshInstance3D@361 pos=(-161.1, 3.7, -67.0) (0.9 x 5.4 x 0.9)
Battle/@MeshInstance3D@361 material_override -> StandardMaterial3D (albedo=<no texture>)
Battle/@MeshInstance3D@362 pos=(-159.5, 4.1, -66.8) (0.9 x 6.2 x 0.9)
Battle/@MeshInstance3D@362 material_override -> StandardMaterial3D (albedo=<no texture>)
Battle/@MeshInstance3D@363 pos=(-158.0, 4.4, 25.4) (0.9 x 6.5 x 0.9)
Battle/@MeshInstance3D@363 material_override -> StandardMaterial3D (albedo=<no texture>)
Battle/@MeshInstance3D@364 pos=(-157.3, 4.5, 24.2) (0.9 x 6.6 x 0.9)
Battle/@MeshInstance3D@364 material_override -> StandardMaterial3D (albedo=<no texture>)
Battle/@MeshInstance3D@365 pos=(-155.8, 4.5, 22.7) (0.9 x 6.6 x 0.9)
Battle/@MeshInstance3D@365 material_override -> StandardMaterial3D (albedo=<no texture>)
Battle/@MeshInstance3D@366 pos=(-155.5, 4.5, 24.1) (0.9 x 6.7 x 0.9)
Battle/@MeshInstance3D@366 material_override -> StandardMaterial3D (albedo=<no texture>)
Battle/@MeshInstance3D@367 pos=(157.3, 2.8, -49.4) (0.9 x 5.8 x 0.9)
Battle/@MeshInstance3D@367 material_override -> StandardMaterial3D (albedo=<no texture>)
Battle/@MeshInstance3D@368 pos=(159.3, 3.5, -50.3) (0.9 x 7.2 x 0.9)
Battle/@MeshInstance3D@368 material_override -> StandardMaterial3D (albedo=<no texture>)
Battle/@MeshInstance3D@369 pos=(158.9, 3.3, -51.0) (0.9 x 6.7 x 0.9)
Battle/@MeshInstance3D@369 material_override -> StandardMaterial3D (albedo=<no texture>)
Battle/@MeshInstance3D@370 pos=(158.7, 3.0, -50.9) (0.9 x 6.1 x 0.9)
Battle/@MeshInstance3D@370 material_override -> StandardMaterial3D (albedo=<no texture>)
Battle/@MeshInstance3D@371 pos=(157.9, 2.1, -49.6) (0.9 x 4.3 x 0.9)
Battle/@MeshInstance3D@371 material_override -> StandardMaterial3D (albedo=<no texture>)
Battle/@MeshInstance3D@372 pos=(-10.1, 5.4, -159.6) (0.9 x 4.1 x 0.9)
Battle/@MeshInstance3D@372 material_override -> StandardMaterial3D (albedo=<no texture>)
Battle/@MeshInstance3D@373 pos=(-10.5, 6.7, -159.3) (0.9 x 6.7 x 0.9)
Battle/@MeshInstance3D@373 material_override -> StandardMaterial3D (albedo=<no texture>)
Battle/@MeshInstance3D@374 pos=(-9.9, 6.1, -159.0) (0.9 x 5.5 x 0.9)
Battle/@MeshInstance3D@374 material_override -> StandardMaterial3D (albedo=<no texture>)
Battle/@MeshInstance3D@375 pos=(-7.4, 6.2, -160.1) (0.9 x 5.7 x 0.9)
Battle/@MeshInstance3D@375 material_override -> StandardMaterial3D (albedo=<no texture>)
Battle/@MeshInstance3D@376 pos=(-8.7, 5.9, -160.3) (0.9 x 5.0 x 0.9)
Battle/@MeshInstance3D@376 material_override -> StandardMaterial3D (albedo=<no texture>)
Battle/@MeshInstance3D@377 pos=(-7.9, 5.8, -158.8) (0.9 x 4.9 x 0.9)
Battle/@MeshInstance3D@377 material_override -> StandardMaterial3D (albedo=<no texture>)
Battle/@MeshInstance3D@378 pos=(134.0, 2.7, -153.6) (0.9 x 6.6 x 0.9)
Battle/@MeshInstance3D@378 material_override -> StandardMaterial3D (albedo=<no texture>)
Battle/@MeshInstance3D@379 pos=(132.3, 1.9, -156.3) (0.9 x 5.1 x 0.9)
Battle/@MeshInstance3D@379 material_override -> StandardMaterial3D (albedo=<no texture>)
Battle/@MeshInstance3D@380 pos=(134.0, 1.9, -154.6) (0.9 x 5.2 x 0.9)
Battle/@MeshInstance3D@380 material_override -> StandardMaterial3D (albedo=<no texture>)
Battle/@MeshInstance3D@381 pos=(132.1, 1.6, -154.8) (0.9 x 4.5 x 0.9)
Battle/@MeshInstance3D@381 material_override -> StandardMaterial3D (albedo=<no texture>)
Battle/@MeshInstance3D@382 pos=(131.9, 2.2, -153.8) (0.9 x 5.7 x 0.9)
Battle/@MeshInstance3D@382 material_override -> StandardMaterial3D (albedo=<no texture>)
Battle/@MeshInstance3D@383 pos=(-151.8, 3.2, 117.9) (0.9 x 6.6 x 0.9)
Battle/@MeshInstance3D@383 material_override -> StandardMaterial3D (albedo=<no texture>)
Battle/@MeshInstance3D@384 pos=(-151.9, 2.1, 117.3) (0.9 x 4.3 x 0.9)
Battle/@MeshInstance3D@384 material_override -> StandardMaterial3D (albedo=<no texture>)
Battle/@MeshInstance3D@385 pos=(-153.5, 3.3, 117.6) (0.9 x 6.8 x 0.9)
Battle/@MeshInstance3D@385 material_override -> StandardMaterial3D (albedo=<no texture>)
Battle/@MeshInstance3D@386 pos=(-151.6, 2.6, 118.9) (0.9 x 5.5 x 0.9)
Battle/@MeshInstance3D@386 material_override -> StandardMaterial3D (albedo=<no texture>)
Battle/@MeshInstance3D@387 pos=(23.8, 2.0, 154.3) (0.9 x 6.0 x 0.9)
Battle/@MeshInstance3D@387 material_override -> StandardMaterial3D (albedo=<no texture>)
Battle/@MeshInstance3D@388 pos=(26.4, 2.3, 154.4) (0.9 x 6.7 x 0.9)
Battle/@MeshInstance3D@388 material_override -> StandardMaterial3D (albedo=<no texture>)
Battle/@MeshInstance3D@389 pos=(26.3, 1.9, 155.3) (0.9 x 5.8 x 0.9)
Battle/@MeshInstance3D@389 material_override -> StandardMaterial3D (albedo=<no texture>)
Battle/@MeshInstance3D@390 pos=(26.0, 1.1, 152.9) (0.9 x 4.3 x 0.9)
Battle/@MeshInstance3D@390 material_override -> StandardMaterial3D (albedo=<no texture>)
Battle/@MeshInstance3D@391 pos=(25.4, 2.0, 154.9) (0.9 x 6.1 x 0.9)
Battle/@MeshInstance3D@391 material_override -> StandardMaterial3D (albedo=<no texture>)
Battle/@MeshInstance3D@392 pos=(-158.9, 3.6, 49.6) (0.9 x 4.3 x 0.9)
Battle/@MeshInstance3D@392 material_override -> StandardMaterial3D (albedo=<no texture>)
Battle/@MeshInstance3D@393 pos=(-157.4, 4.3, 48.5) (0.9 x 5.8 x 0.9)
Battle/@MeshInstance3D@393 material_override -> StandardMaterial3D (albedo=<no texture>)
Battle/@MeshInstance3D@394 pos=(-157.5, 3.7, 48.0) (0.9 x 4.5 x 0.9)
Battle/@MeshInstance3D@394 material_override -> StandardMaterial3D (albedo=<no texture>)
Battle/@MeshInstance3D@395 pos=(-156.1, 5.0, 49.6) (0.9 x 7.0 x 0.9)
Battle/@MeshInstance3D@395 material_override -> StandardMaterial3D (albedo=<no texture>)
Battle/@MeshInstance3D@396 pos=(-158.0, 4.9, 48.5) (0.9 x 6.8 x 0.9)
Battle/@MeshInstance3D@396 material_override -> StandardMaterial3D (albedo=<no texture>)
Battle/@MeshInstance3D@397 pos=(153.0, 0.4, 22.0) (0.9 x 4.4 x 0.9)
Battle/@MeshInstance3D@397 material_override -> StandardMaterial3D (albedo=<no texture>)
Battle/@MeshInstance3D@398 pos=(153.1, 1.2, 21.4) (0.9 x 5.8 x 0.9)
Battle/@MeshInstance3D@398 material_override -> StandardMaterial3D (albedo=<no texture>)
Battle/@MeshInstance3D@399 pos=(153.1, 1.4, 20.9) (0.9 x 6.3 x 0.9)
Battle/@MeshInstance3D@399 material_override -> StandardMaterial3D (albedo=<no texture>)
Battle/@MeshInstance3D@400 pos=(153.7, 0.7, 22.3) (0.9 x 4.9 x 0.9)
Battle/@MeshInstance3D@400 material_override -> StandardMaterial3D (albedo=<no texture>)
Battle/@MeshInstance3D@401 pos=(74.0, 4.8, 155.7) (0.9 x 5.0 x 0.9)
Battle/@MeshInstance3D@401 material_override -> StandardMaterial3D (albedo=<no texture>)
Battle/@MeshInstance3D@402 pos=(76.2, 4.9, 154.7) (0.9 x 5.3 x 0.9)
Battle/@MeshInstance3D@402 material_override -> StandardMaterial3D (albedo=<no texture>)
Battle/@MeshInstance3D@403 pos=(75.7, 5.6, 154.9) (0.9 x 6.6 x 0.9)
Battle/@MeshInstance3D@403 material_override -> StandardMaterial3D (albedo=<no texture>)
Battle/@MeshInstance3D@404 pos=(74.4, 5.5, 155.4) (0.9 x 6.4 x 0.9)
Battle/@MeshInstance3D@404 material_override -> StandardMaterial3D (albedo=<no texture>)
Battle/@MeshInstance3D@405 pos=(151.7, 1.4, 22.7) (0.9 x 5.9 x 0.9)
Battle/@MeshInstance3D@405 material_override -> StandardMaterial3D (albedo=<no texture>)
Battle/@MeshInstance3D@406 pos=(151.0, 0.7, 21.3) (0.9 x 4.5 x 0.9)
Battle/@MeshInstance3D@406 material_override -> StandardMaterial3D (albedo=<no texture>)
Battle/@MeshInstance3D@407 pos=(151.0, 0.9, 21.4) (0.9 x 5.0 x 0.9)
Battle/@MeshInstance3D@407 material_override -> StandardMaterial3D (albedo=<no texture>)
Battle/@MeshInstance3D@408 pos=(149.8, 1.2, 23.1) (0.9 x 5.6 x 0.9)
Battle/@MeshInstance3D@408 material_override -> StandardMaterial3D (albedo=<no texture>)
Battle/@MeshInstance3D@409 pos=(151.2, 0.8, 22.7) (0.9 x 4.8 x 0.9)
Battle/@MeshInstance3D@409 material_override -> StandardMaterial3D (albedo=<no texture>)
Battle/@MeshInstance3D@410 pos=(151.4, 1.9, 22.0) (0.9 x 7.0 x 0.9)
Battle/@MeshInstance3D@410 material_override -> StandardMaterial3D (albedo=<no texture>)
Battle/@MeshInstance3D@411 pos=(126.3, 1.0, -158.7) (0.9 x 4.6 x 0.9)
Battle/@MeshInstance3D@411 material_override -> StandardMaterial3D (albedo=<no texture>)
Battle/@MeshInstance3D@412 pos=(125.3, 1.5, -159.3) (0.9 x 5.7 x 0.9)
Battle/@MeshInstance3D@412 material_override -> StandardMaterial3D (albedo=<no texture>)
Battle/@MeshInstance3D@413 pos=(124.0, 1.8, -157.4) (0.9 x 6.2 x 0.9)
Battle/@MeshInstance3D@413 material_override -> StandardMaterial3D (albedo=<no texture>)
Battle/@MeshInstance3D@414 pos=(126.4, 0.7, -159.4) (0.9 x 4.0 x 0.9)
Battle/@MeshInstance3D@414 material_override -> StandardMaterial3D (albedo=<no texture>)
Battle/@MeshInstance3D@415 pos=(-134.4, 5.8, 156.1) (0.9 x 6.3 x 0.9)
Battle/@MeshInstance3D@415 material_override -> StandardMaterial3D (albedo=<no texture>)
Battle/@MeshInstance3D@416 pos=(-131.4, 5.3, 155.6) (0.9 x 5.1 x 0.9)
Battle/@MeshInstance3D@416 material_override -> StandardMaterial3D (albedo=<no texture>)
Battle/@MeshInstance3D@417 pos=(-132.9, 6.1, 156.3) (0.9 x 6.8 x 0.9)
Battle/@MeshInstance3D@417 material_override -> StandardMaterial3D (albedo=<no texture>)
Battle/@MeshInstance3D@418 pos=(-132.4, 6.1, 156.0) (0.9 x 6.7 x 0.9)
Battle/@MeshInstance3D@418 material_override -> StandardMaterial3D (albedo=<no texture>)
Battle/@MeshInstance3D@419 pos=(153.7, 3.0, 127.6) (0.9 x 4.6 x 0.9)
Battle/@MeshInstance3D@419 material_override -> StandardMaterial3D (albedo=<no texture>)
Battle/@MeshInstance3D@420 pos=(155.3, 3.8, 127.3) (0.9 x 6.1 x 0.9)
Battle/@MeshInstance3D@420 material_override -> StandardMaterial3D (albedo=<no texture>)
Battle/@MeshInstance3D@421 pos=(156.5, 4.3, 127.4) (0.9 x 7.1 x 0.9)
Battle/@MeshInstance3D@421 material_override -> StandardMaterial3D (albedo=<no texture>)
Battle/@MeshInstance3D@422 pos=(153.7, 4.2, 127.1) (0.9 x 7.0 x 0.9)
Battle/@MeshInstance3D@422 material_override -> StandardMaterial3D (albedo=<no texture>)
Battle/@MeshInstance3D@423 pos=(-104.1, 3.2, 154.7) (0.9 x 4.3 x 0.9)
Battle/@MeshInstance3D@423 material_override -> StandardMaterial3D (albedo=<no texture>)
Battle/@MeshInstance3D@424 pos=(-102.9, 4.6, 156.3) (0.9 x 7.1 x 0.9)
Battle/@MeshInstance3D@424 material_override -> StandardMaterial3D (albedo=<no texture>)
Battle/@MeshInstance3D@425 pos=(-103.5, 4.6, 156.0) (0.9 x 7.0 x 0.9)
Battle/@MeshInstance3D@425 material_override -> StandardMaterial3D (albedo=<no texture>)
Battle/@MeshInstance3D@426 pos=(-103.7, 4.5, 155.4) (0.9 x 6.9 x 0.9)
Battle/@MeshInstance3D@426 material_override -> StandardMaterial3D (albedo=<no texture>)
Battle/@MeshInstance3D@427 pos=(-105.2, 3.6, 156.1) (0.9 x 5.1 x 0.9)
Battle/@MeshInstance3D@427 material_override -> StandardMaterial3D (albedo=<no texture>)
Battle/@MeshInstance3D@428 pos=(-109.2, 5.6, 152.4) (0.9 x 6.6 x 0.9)
Battle/@MeshInstance3D@428 material_override -> StandardMaterial3D (albedo=<no texture>)
Battle/@MeshInstance3D@429 pos=(-111.4, 5.5, 151.8) (0.9 x 6.4 x 0.9)
Battle/@MeshInstance3D@429 material_override -> StandardMaterial3D (albedo=<no texture>)
Battle/@MeshInstance3D@430 pos=(-109.4, 5.6, 150.9) (0.9 x 6.6 x 0.9)
Battle/@MeshInstance3D@430 material_override -> StandardMaterial3D (albedo=<no texture>)
Battle/@MeshInstance3D@431 pos=(-109.5, 5.9, 152.6) (0.9 x 7.1 x 0.9)
Battle/@MeshInstance3D@431 material_override -> StandardMaterial3D (albedo=<no texture>)
Battle/@MeshInstance3D@432 pos=(-109.9, 4.8, 151.8) (0.9 x 4.9 x 0.9)
Battle/@MeshInstance3D@432 material_override -> StandardMaterial3D (albedo=<no texture>)
Battle/@MeshInstance3D@433 pos=(-91.2, 3.3, 159.7) (0.9 x 5.9 x 0.9)
Battle/@MeshInstance3D@433 material_override -> StandardMaterial3D (albedo=<no texture>)
Battle/@MeshInstance3D@434 pos=(-94.0, 2.6, 160.7) (0.9 x 4.5 x 0.9)
Battle/@MeshInstance3D@434 material_override -> StandardMaterial3D (albedo=<no texture>)
Battle/@MeshInstance3D@435 pos=(-93.1, 3.7, 159.9) (0.9 x 6.7 x 0.9)
Battle/@MeshInstance3D@435 material_override -> StandardMaterial3D (albedo=<no texture>)
Battle/@MeshInstance3D@436 pos=(-91.7, 3.9, 160.7) (0.9 x 7.2 x 0.9)
Battle/@MeshInstance3D@436 material_override -> StandardMaterial3D (albedo=<no texture>)
Battle/@MeshInstance3D@437 pos=(158.8, 3.0, 38.6) (0.9 x 6.3 x 0.9)
Battle/@MeshInstance3D@437 material_override -> StandardMaterial3D (albedo=<no texture>)
Battle/@MeshInstance3D@438 pos=(158.5, 2.9, 39.4) (0.9 x 6.3 x 0.9)
Battle/@MeshInstance3D@438 material_override -> StandardMaterial3D (albedo=<no texture>)
Battle/@MeshInstance3D@439 pos=(157.8, 3.0, 36.7) (0.9 x 6.5 x 0.9)
Battle/@MeshInstance3D@439 material_override -> StandardMaterial3D (albedo=<no texture>)
Battle/@MeshInstance3D@440 pos=(160.4, 2.6, 38.6) (0.9 x 5.6 x 0.9)
Battle/@MeshInstance3D@440 material_override -> StandardMaterial3D (albedo=<no texture>)
Battle/@MeshInstance3D@441 pos=(160.0, 2.1, 38.4) (0.9 x 4.6 x 0.9)
Battle/@MeshInstance3D@441 material_override -> StandardMaterial3D (albedo=<no texture>)
Battle/@MeshInstance3D@442 pos=(149.7, 2.1, -131.7) (0.9 x 5.1 x 0.9)
Battle/@MeshInstance3D@442 material_override -> StandardMaterial3D (albedo=<no texture>)
Battle/@MeshInstance3D@443 pos=(151.4, 1.9, -129.5) (0.9 x 4.6 x 0.9)
Battle/@MeshInstance3D@443 material_override -> StandardMaterial3D (albedo=<no texture>)
Battle/@MeshInstance3D@444 pos=(150.4, 2.8, -129.7) (0.9 x 6.6 x 0.9)
Battle/@MeshInstance3D@444 material_override -> StandardMaterial3D (albedo=<no texture>)
Battle/@MeshInstance3D@445 pos=(151.4, 2.7, -130.5) (0.9 x 6.2 x 0.9)
Battle/@MeshInstance3D@445 material_override -> StandardMaterial3D (albedo=<no texture>)
Battle/@MeshInstance3D@446 pos=(156.5, 2.3, -161.0) (0.9 x 4.0 x 0.9)
Battle/@MeshInstance3D@446 material_override -> StandardMaterial3D (albedo=<no texture>)
Battle/@MeshInstance3D@447 pos=(154.5, 3.9, -160.5) (0.9 x 7.2 x 0.9)
Battle/@MeshInstance3D@447 material_override -> StandardMaterial3D (albedo=<no texture>)
Battle/@MeshInstance3D@448 pos=(154.5, 2.6, -160.1) (0.9 x 4.6 x 0.9)
Battle/@MeshInstance3D@448 material_override -> StandardMaterial3D (albedo=<no texture>)
Battle/@MeshInstance3D@449 pos=(157.0, 3.6, -159.9) (0.9 x 6.6 x 0.9)
Battle/@MeshInstance3D@449 material_override -> StandardMaterial3D (albedo=<no texture>)
Battle/@MeshInstance3D@450 pos=(-6.0, 5.1, -154.1) (0.9 x 5.0 x 0.9)
Battle/@MeshInstance3D@450 material_override -> StandardMaterial3D (albedo=<no texture>)
Battle/@MeshInstance3D@451 pos=(-8.4, 5.7, -155.0) (0.9 x 6.4 x 0.9)
Battle/@MeshInstance3D@451 material_override -> StandardMaterial3D (albedo=<no texture>)
Battle/@MeshInstance3D@452 pos=(-7.3, 5.1, -154.4) (0.9 x 5.1 x 0.9)
Battle/@MeshInstance3D@452 material_override -> StandardMaterial3D (albedo=<no texture>)
Battle/@MeshInstance3D@453 pos=(-8.5, 6.0, -154.5) (0.9 x 6.9 x 0.9)
Battle/@MeshInstance3D@453 material_override -> StandardMaterial3D (albedo=<no texture>)
Battle/@MeshInstance3D@454 pos=(-87.9, 2.3, -154.7) (0.9 x 4.1 x 0.9)
Battle/@MeshInstance3D@454 material_override -> StandardMaterial3D (albedo=<no texture>)
Battle/@MeshInstance3D@455 pos=(-89.7, 2.4, -153.0) (0.9 x 4.3 x 0.9)
Battle/@MeshInstance3D@455 material_override -> StandardMaterial3D (albedo=<no texture>)
Battle/@MeshInstance3D@456 pos=(-89.8, 3.6, -153.7) (0.9 x 6.6 x 0.9)
Battle/@MeshInstance3D@456 material_override -> StandardMaterial3D (albedo=<no texture>)
Battle/@MeshInstance3D@457 pos=(-87.8, 2.7, -152.2) (0.9 x 4.8 x 0.9)
Battle/@MeshInstance3D@457 material_override -> StandardMaterial3D (albedo=<no texture>)
Battle/@MeshInstance3D@458 pos=(-149.3, 1.3, 0.4) (0.9 x 6.3 x 0.9)
Battle/@MeshInstance3D@458 material_override -> StandardMaterial3D (albedo=<no texture>)
Battle/@MeshInstance3D@459 pos=(-151.7, 1.1, -0.2) (0.9 x 5.9 x 0.9)
Battle/@MeshInstance3D@459 material_override -> StandardMaterial3D (albedo=<no texture>)
Battle/@MeshInstance3D@460 pos=(-151.4, 1.7, 0.0) (0.9 x 7.0 x 0.9)
Battle/@MeshInstance3D@460 material_override -> StandardMaterial3D (albedo=<no texture>)
Battle/@MeshInstance3D@461 pos=(-149.8, 0.6, 1.7) (0.9 x 4.9 x 0.9)
Battle/@MeshInstance3D@461 material_override -> StandardMaterial3D (albedo=<no texture>)
Battle/boulder_22/boulder_2 pos=(-126.3, 2.4, -155.0) (3.8 x 2.7 x 3.2)
Battle/boulder_22/boulder_2 mesh.surface[0] -> StandardMaterial3D (albedo=res://assets/models/terrain/boulder_2_boulder_2_mat_albedo.png)
Battle/boulder_02/boulder_0 pos=(-117.9, -0.0, -143.0) (1.9 x 1.7 x 1.9)
Battle/boulder_02/boulder_0 mesh.surface[0] -> StandardMaterial3D (albedo=res://assets/models/terrain/boulder_0_boulder_0_mat_albedo.png)
Battle/boulder_42/boulder_4 pos=(-46.1, -1.4, -156.9) (3.8 x 1.5 x 2.9)
Battle/boulder_42/boulder_4 mesh.surface[0] -> StandardMaterial3D (albedo=res://assets/models/terrain/boulder_4_boulder_4_mat_albedo.png)
Battle/@Node3D@462/boulder_4 pos=(-48.4, -1.3, -150.5) (3.8 x 1.5 x 2.9)
Battle/@Node3D@462/boulder_4 mesh.surface[0] -> StandardMaterial3D (albedo=res://assets/models/terrain/boulder_4_boulder_4_mat_albedo.png)
Battle/boulder_12/boulder_1 pos=(-34.1, 2.2, -147.1) (1.9 x 2.6 x 1.6)
Battle/boulder_12/boulder_1 mesh.surface[0] -> StandardMaterial3D (albedo=res://assets/models/terrain/boulder_1_boulder_1_mat_albedo.png)
Battle/boulder_32/boulder_3 pos=(4.1, 0.7, -155.7) (2.0 x 1.7 x 1.9)
Battle/boulder_32/boulder_3 mesh.surface[0] -> StandardMaterial3D (albedo=res://assets/models/terrain/boulder_3_boulder_3_mat_albedo.png)
Battle/@Node3D@463/boulder_4 pos=(3.5, 1.7, -143.7) (3.8 x 1.5 x 2.9)
Battle/@Node3D@463/boulder_4 mesh.surface[0] -> StandardMaterial3D (albedo=res://assets/models/terrain/boulder_4_boulder_4_mat_albedo.png)
Battle/boulder_52/boulder_5 pos=(9.8, 1.0, -143.6) (4.7 x 2.0 x 3.5)
Battle/boulder_52/boulder_5 mesh.surface[0] -> StandardMaterial3D (albedo=res://assets/models/terrain/boulder_5_boulder_5_mat_albedo.png)
Battle/@Node3D@464/boulder_4 pos=(104.5, -0.5, -156.2) (3.8 x 1.5 x 2.9)
Battle/@Node3D@464/boulder_4 mesh.surface[0] -> StandardMaterial3D (albedo=res://assets/models/terrain/boulder_4_boulder_4_mat_albedo.png)
Battle/@Node3D@465/boulder_5 pos=(95.5, 0.3, -151.1) (4.7 x 2.0 x 3.5)
Battle/@Node3D@465/boulder_5 mesh.surface[0] -> StandardMaterial3D (albedo=res://assets/models/terrain/boulder_5_boulder_5_mat_albedo.png)
Battle/@Node3D@466/boulder_0 pos=(104.8, -1.0, -150.3) (1.9 x 1.7 x 1.9)
Battle/@Node3D@466/boulder_0 mesh.surface[0] -> StandardMaterial3D (albedo=res://assets/models/terrain/boulder_0_boulder_0_mat_albedo.png)
Battle/@Node3D@467/boulder_5 pos=(60.8, 0.4, -150.4) (4.7 x 2.0 x 3.5)
Battle/@Node3D@467/boulder_5 mesh.surface[0] -> StandardMaterial3D (albedo=res://assets/models/terrain/boulder_5_boulder_5_mat_albedo.png)
Battle/@Node3D@468/boulder_5 pos=(52.2, 1.1, -141.6) (4.7 x 2.0 x 3.5)
Battle/@Node3D@468/boulder_5 mesh.surface[0] -> StandardMaterial3D (albedo=res://assets/models/terrain/boulder_5_boulder_5_mat_albedo.png)
Battle/@Node3D@469/boulder_0 pos=(-90.5, -0.8, -131.8) (1.9 x 1.7 x 1.9)
Battle/@Node3D@469/boulder_0 mesh.surface[0] -> StandardMaterial3D (albedo=res://assets/models/terrain/boulder_0_boulder_0_mat_albedo.png)
Battle/@Node3D@470/boulder_3 pos=(114.0, 0.5, -111.2) (2.0 x 1.7 x 1.9)
Battle/@Node3D@470/boulder_3 mesh.surface[0] -> StandardMaterial3D (albedo=res://assets/models/terrain/boulder_3_boulder_3_mat_albedo.png)
Battle/@Node3D@471/boulder_2 pos=(121.3, -1.3, -114.2) (3.8 x 2.7 x 3.2)
Battle/@Node3D@471/boulder_2 mesh.surface[0] -> StandardMaterial3D (albedo=res://assets/models/terrain/boulder_2_boulder_2_mat_albedo.png)
Battle/@Node3D@472/boulder_4 pos=(112.4, 2.1, -97.1) (3.8 x 1.5 x 2.9)
Battle/@Node3D@472/boulder_4 mesh.surface[0] -> StandardMaterial3D (albedo=res://assets/models/terrain/boulder_4_boulder_4_mat_albedo.png)
Battle/@Node3D@473/boulder_2 pos=(-122.1, -0.5, -100.4) (3.8 x 2.7 x 3.2)
Battle/@Node3D@473/boulder_2 mesh.surface[0] -> StandardMaterial3D (albedo=res://assets/models/terrain/boulder_2_boulder_2_mat_albedo.png)
Battle/@Node3D@474/boulder_0 pos=(10.6, 0.0, -95.9) (1.9 x 1.7 x 1.9)
Battle/@Node3D@474/boulder_0 mesh.surface[0] -> StandardMaterial3D (albedo=res://assets/models/terrain/boulder_0_boulder_0_mat_albedo.png)
Battle/@Node3D@475/boulder_1 pos=(17.6, 0.9, -97.7) (1.9 x 2.6 x 1.6)
Battle/@Node3D@475/boulder_1 mesh.surface[0] -> StandardMaterial3D (albedo=res://assets/models/terrain/boulder_1_boulder_1_mat_albedo.png)
Battle/@Node3D@476/boulder_5 pos=(15.9, -1.4, -88.3) (4.7 x 2.0 x 3.5)
Battle/@Node3D@476/boulder_5 mesh.surface[0] -> StandardMaterial3D (albedo=res://assets/models/terrain/boulder_5_boulder_5_mat_albedo.png)
Battle/@Node3D@477/boulder_2 pos=(5.5, -2.2, -84.3) (3.8 x 2.7 x 3.2)
Battle/@Node3D@477/boulder_2 mesh.surface[0] -> StandardMaterial3D (albedo=res://assets/models/terrain/boulder_2_boulder_2_mat_albedo.png)
Battle/@Node3D@478/boulder_1 pos=(-40.0, 1.4, -84.5) (1.9 x 2.6 x 1.6)
Battle/@Node3D@478/boulder_1 mesh.surface[0] -> StandardMaterial3D (albedo=res://assets/models/terrain/boulder_1_boulder_1_mat_albedo.png)
Battle/@Node3D@479/boulder_0 pos=(-52.0, 1.1, -79.1) (1.9 x 1.7 x 1.9)
Battle/@Node3D@479/boulder_0 mesh.surface[0] -> StandardMaterial3D (albedo=res://assets/models/terrain/boulder_0_boulder_0_mat_albedo.png)
Battle/@Node3D@480/boulder_5 pos=(-46.6, -0.4, -74.3) (4.7 x 2.0 x 3.5)
Battle/@Node3D@480/boulder_5 mesh.surface[0] -> StandardMaterial3D (albedo=res://assets/models/terrain/boulder_5_boulder_5_mat_albedo.png)
Battle/@Node3D@481/boulder_5 pos=(83.6, 1.0, -75.5) (4.7 x 2.0 x 3.5)
Battle/@Node3D@481/boulder_5 mesh.surface[0] -> StandardMaterial3D (albedo=res://assets/models/terrain/boulder_5_boulder_5_mat_albedo.png)
Battle/@Node3D@482/boulder_2 pos=(-81.2, 1.6, -66.7) (3.8 x 2.7 x 3.2)
Battle/@Node3D@482/boulder_2 mesh.surface[0] -> StandardMaterial3D (albedo=res://assets/models/terrain/boulder_2_boulder_2_mat_albedo.png)
Battle/@Node3D@483/boulder_4 pos=(-77.2, 1.1, -64.2) (3.8 x 1.5 x 2.9)
Battle/@Node3D@483/boulder_4 mesh.surface[0] -> StandardMaterial3D (albedo=res://assets/models/terrain/boulder_4_boulder_4_mat_albedo.png)
Battle/@Node3D@484/boulder_4 pos=(-68.5, -0.8, -60.4) (3.8 x 1.5 x 2.9)
Battle/@Node3D@484/boulder_4 mesh.surface[0] -> StandardMaterial3D (albedo=res://assets/models/terrain/boulder_4_boulder_4_mat_albedo.png)
Battle/@Node3D@485/boulder_0 pos=(27.8, -2.6, -66.3) (1.9 x 1.7 x 1.9)
Battle/@Node3D@485/boulder_0 mesh.surface[0] -> StandardMaterial3D (albedo=res://assets/models/terrain/boulder_0_boulder_0_mat_albedo.png)
Battle/@Node3D@486/boulder_0 pos=(40.8, -0.1, -59.8) (1.9 x 1.7 x 1.9)
Battle/@Node3D@486/boulder_0 mesh.surface[0] -> StandardMaterial3D (albedo=res://assets/models/terrain/boulder_0_boulder_0_mat_albedo.png)
Battle/@Node3D@487/boulder_5 pos=(48.2, -0.1, -52.1) (4.7 x 2.0 x 3.5)
Battle/@Node3D@487/boulder_5 mesh.surface[0] -> StandardMaterial3D (albedo=res://assets/models/terrain/boulder_5_boulder_5_mat_albedo.png)
Battle/@Node3D@488/boulder_1 pos=(-134.9, -1.6, -55.9) (1.9 x 2.6 x 1.6)
Battle/@Node3D@488/boulder_1 mesh.surface[0] -> StandardMaterial3D (albedo=res://assets/models/terrain/boulder_1_boulder_1_mat_albedo.png)
Battle/@Node3D@489/boulder_1 pos=(-17.9, -1.6, -56.1) (1.9 x 2.6 x 1.6)
Battle/@Node3D@489/boulder_1 mesh.surface[0] -> StandardMaterial3D (albedo=res://assets/models/terrain/boulder_1_boulder_1_mat_albedo.png)
Battle/@Node3D@490/boulder_5 pos=(4.1, -3.2, -52.8) (4.7 x 2.0 x 3.5)
Battle/@Node3D@490/boulder_5 mesh.surface[0] -> StandardMaterial3D (albedo=res://assets/models/terrain/boulder_5_boulder_5_mat_albedo.png)
Battle/@Node3D@491/boulder_5 pos=(-10.7, -2.0, -47.7) (4.7 x 2.0 x 3.5)
Battle/@Node3D@491/boulder_5 mesh.surface[0] -> StandardMaterial3D (albedo=res://assets/models/terrain/boulder_5_boulder_5_mat_albedo.png)
Battle/@Node3D@492/boulder_1 pos=(-15.4, -0.7, -37.7) (1.9 x 2.6 x 1.6)
Battle/@Node3D@492/boulder_1 mesh.surface[0] -> StandardMaterial3D (albedo=res://assets/models/terrain/boulder_1_boulder_1_mat_albedo.png)
Battle/@Node3D@493/boulder_0 pos=(-55.7, -1.0, -31.9) (1.9 x 1.7 x 1.9)
Battle/@Node3D@493/boulder_0 mesh.surface[0] -> StandardMaterial3D (albedo=res://assets/models/terrain/boulder_0_boulder_0_mat_albedo.png)
Battle/@Node3D@494/boulder_2 pos=(-61.5, -0.4, -23.0) (3.8 x 2.7 x 3.2)
Battle/@Node3D@494/boulder_2 mesh.surface[0] -> StandardMaterial3D (albedo=res://assets/models/terrain/boulder_2_boulder_2_mat_albedo.png)
Battle/@Node3D@495/boulder_5 pos=(112.6, 0.6, -30.5) (4.7 x 2.0 x 3.5)
Battle/@Node3D@495/boulder_5 mesh.surface[0] -> StandardMaterial3D (albedo=res://assets/models/terrain/boulder_5_boulder_5_mat_albedo.png)
Battle/@Node3D@496/boulder_3 pos=(111.2, 0.4, -23.9) (2.0 x 1.7 x 1.9)
Battle/@Node3D@496/boulder_3 mesh.surface[0] -> StandardMaterial3D (albedo=res://assets/models/terrain/boulder_3_boulder_3_mat_albedo.png)
Battle/@Node3D@497/boulder_4 pos=(119.3, -1.1, -16.3) (3.8 x 1.5 x 2.9)
Battle/@Node3D@497/boulder_4 mesh.surface[0] -> StandardMaterial3D (albedo=res://assets/models/terrain/boulder_4_boulder_4_mat_albedo.png)
Battle/@Node3D@498/boulder_4 pos=(20.2, -0.4, -20.0) (3.8 x 1.5 x 2.9)
Battle/@Node3D@498/boulder_4 mesh.surface[0] -> StandardMaterial3D (albedo=res://assets/models/terrain/boulder_4_boulder_4_mat_albedo.png)
Battle/@Node3D@499/boulder_1 pos=(23.0, -1.6, -8.4) (1.9 x 2.6 x 1.6)
Battle/@Node3D@499/boulder_1 mesh.surface[0] -> StandardMaterial3D (albedo=res://assets/models/terrain/boulder_1_boulder_1_mat_albedo.png)
Battle/@Node3D@500/boulder_4 pos=(-135.1, -2.0, -1.0) (3.8 x 1.5 x 2.9)
Battle/@Node3D@500/boulder_4 mesh.surface[0] -> StandardMaterial3D (albedo=res://assets/models/terrain/boulder_4_boulder_4_mat_albedo.png)
Battle/@Node3D@501/boulder_4 pos=(-129.1, -0.4, 1.9) (3.8 x 1.5 x 2.9)
Battle/@Node3D@501/boulder_4 mesh.surface[0] -> StandardMaterial3D (albedo=res://assets/models/terrain/boulder_4_boulder_4_mat_albedo.png)
Battle/@Node3D@502/boulder_2 pos=(-143.3, -0.5, 10.6) (3.8 x 2.7 x 3.2)
Battle/@Node3D@502/boulder_2 mesh.surface[0] -> StandardMaterial3D (albedo=res://assets/models/terrain/boulder_2_boulder_2_mat_albedo.png)
Battle/@Node3D@503/boulder_5 pos=(-48.0, 0.9, 17.0) (4.7 x 2.0 x 3.5)
Battle/@Node3D@503/boulder_5 mesh.surface[0] -> StandardMaterial3D (albedo=res://assets/models/terrain/boulder_5_boulder_5_mat_albedo.png)
Battle/@Node3D@504/boulder_3 pos=(96.0, 0.2, 18.8) (2.0 x 1.7 x 1.9)
Battle/@Node3D@504/boulder_3 mesh.surface[0] -> StandardMaterial3D (albedo=res://assets/models/terrain/boulder_3_boulder_3_mat_albedo.png)
Battle/@Node3D@505/boulder_4 pos=(100.2, 0.2, 28.2) (3.8 x 1.5 x 2.9)
Battle/@Node3D@505/boulder_4 mesh.surface[0] -> StandardMaterial3D (albedo=res://assets/models/terrain/boulder_4_boulder_4_mat_albedo.png)
Battle/@Node3D@506/boulder_4 pos=(-108.3, -1.2, 20.3) (3.8 x 1.5 x 2.9)
Battle/@Node3D@506/boulder_4 mesh.surface[0] -> StandardMaterial3D (albedo=res://assets/models/terrain/boulder_4_boulder_4_mat_albedo.png)
Battle/@Node3D@507/boulder_4 pos=(-93.6, -1.3, 22.7) (3.8 x 1.5 x 2.9)
Battle/@Node3D@507/boulder_4 mesh.surface[0] -> StandardMaterial3D (albedo=res://assets/models/terrain/boulder_4_boulder_4_mat_albedo.png)
Battle/@Node3D@508/boulder_1 pos=(52.0, -0.4, 24.8) (1.9 x 2.6 x 1.6)
Battle/@Node3D@508/boulder_1 mesh.surface[0] -> StandardMaterial3D (albedo=res://assets/models/terrain/boulder_1_boulder_1_mat_albedo.png)
Battle/@Node3D@509/boulder_2 pos=(61.1, -1.3, 22.6) (3.8 x 2.7 x 3.2)
Battle/@Node3D@509/boulder_2 mesh.surface[0] -> StandardMaterial3D (albedo=res://assets/models/terrain/boulder_2_boulder_2_mat_albedo.png)
Battle/@Node3D@510/boulder_1 pos=(46.2, 0.4, 34.4) (1.9 x 2.6 x 1.6)
Battle/@Node3D@510/boulder_1 mesh.surface[0] -> StandardMaterial3D (albedo=res://assets/models/terrain/boulder_1_boulder_1_mat_albedo.png)
Battle/@Node3D@511/boulder_5 pos=(54.9, 1.2, 31.8) (4.7 x 2.0 x 3.5)
Battle/@Node3D@511/boulder_5 mesh.surface[0] -> StandardMaterial3D (albedo=res://assets/models/terrain/boulder_5_boulder_5_mat_albedo.png)
Battle/@Node3D@512/boulder_3 pos=(147.9, -1.9, 27.6) (2.0 x 1.7 x 1.9)
Battle/@Node3D@512/boulder_3 mesh.surface[0] -> StandardMaterial3D (albedo=res://assets/models/terrain/boulder_3_boulder_3_mat_albedo.png)
Battle/@Node3D@513/boulder_3 pos=(-3.6, 0.7, 30.3) (2.0 x 1.7 x 1.9)
Battle/@Node3D@513/boulder_3 mesh.surface[0] -> StandardMaterial3D (albedo=res://assets/models/terrain/boulder_3_boulder_3_mat_albedo.png)
Battle/@Node3D@514/boulder_0 pos=(-136.7, -0.6, 59.4) (1.9 x 1.7 x 1.9)
Battle/@Node3D@514/boulder_0 mesh.surface[0] -> StandardMaterial3D (albedo=res://assets/models/terrain/boulder_0_boulder_0_mat_albedo.png)
Battle/@Node3D@515/boulder_2 pos=(-67.0, 0.4, 47.9) (3.8 x 2.7 x 3.2)
Battle/@Node3D@515/boulder_2 mesh.surface[0] -> StandardMaterial3D (albedo=res://assets/models/terrain/boulder_2_boulder_2_mat_albedo.png)
Battle/@Node3D@516/boulder_4 pos=(-61.1, -0.9, 62.1) (3.8 x 1.5 x 2.9)
Battle/@Node3D@516/boulder_4 mesh.surface[0] -> StandardMaterial3D (albedo=res://assets/models/terrain/boulder_4_boulder_4_mat_albedo.png)
Battle/@Node3D@517/boulder_4 pos=(31.1, -0.2, 54.2) (3.8 x 1.5 x 2.9)
Battle/@Node3D@517/boulder_4 mesh.surface[0] -> StandardMaterial3D (albedo=res://assets/models/terrain/boulder_4_boulder_4_mat_albedo.png)
Battle/@Node3D@518/boulder_4 pos=(27.7, -0.9, 63.9) (3.8 x 1.5 x 2.9)
Battle/@Node3D@518/boulder_4 mesh.surface[0] -> StandardMaterial3D (albedo=res://assets/models/terrain/boulder_4_boulder_4_mat_albedo.png)
Battle/@Node3D@519/boulder_3 pos=(119.3, -0.1, 74.0) (2.0 x 1.7 x 1.9)
Battle/@Node3D@519/boulder_3 mesh.surface[0] -> StandardMaterial3D (albedo=res://assets/models/terrain/boulder_3_boulder_3_mat_albedo.png)
Battle/@Node3D@520/boulder_3 pos=(-31.8, -0.3, 93.7) (2.0 x 1.7 x 1.9)
Battle/@Node3D@520/boulder_3 mesh.surface[0] -> StandardMaterial3D (albedo=res://assets/models/terrain/boulder_3_boulder_3_mat_albedo.png)
Battle/@Node3D@521/boulder_1 pos=(-27.1, -1.6, 96.9) (1.9 x 2.6 x 1.6)
Battle/@Node3D@521/boulder_1 mesh.surface[0] -> StandardMaterial3D (albedo=res://assets/models/terrain/boulder_1_boulder_1_mat_albedo.png)
Battle/@Node3D@522/boulder_2 pos=(-77.0, -0.6, 90.8) (3.8 x 2.7 x 3.2)
Battle/@Node3D@522/boulder_2 mesh.surface[0] -> StandardMaterial3D (albedo=res://assets/models/terrain/boulder_2_boulder_2_mat_albedo.png)
Battle/@Node3D@523/boulder_0 pos=(-88.8, -2.0, 96.9) (1.9 x 1.7 x 1.9)
Battle/@Node3D@523/boulder_0 mesh.surface[0] -> StandardMaterial3D (albedo=res://assets/models/terrain/boulder_0_boulder_0_mat_albedo.png)
Battle/@Node3D@524/boulder_2 pos=(18.5, 1.1, 105.7) (3.8 x 2.7 x 3.2)
Battle/@Node3D@524/boulder_2 mesh.surface[0] -> StandardMaterial3D (albedo=res://assets/models/terrain/boulder_2_boulder_2_mat_albedo.png)
Battle/@Node3D@525/boulder_2 pos=(20.3, 1.8, 112.8) (3.8 x 2.7 x 3.2)
Battle/@Node3D@525/boulder_2 mesh.surface[0] -> StandardMaterial3D (albedo=res://assets/models/terrain/boulder_2_boulder_2_mat_albedo.png)
Battle/@Node3D@526/boulder_4 pos=(115.2, 0.2, 120.8) (3.8 x 1.5 x 2.9)
Battle/@Node3D@526/boulder_4 mesh.surface[0] -> StandardMaterial3D (albedo=res://assets/models/terrain/boulder_4_boulder_4_mat_albedo.png)
Battle/@Node3D@527/boulder_1 pos=(-111.8, 0.5, 118.8) (1.9 x 2.6 x 1.6)
Battle/@Node3D@527/boulder_1 mesh.surface[0] -> StandardMaterial3D (albedo=res://assets/models/terrain/boulder_1_boulder_1_mat_albedo.png)
Battle/@Node3D@528/boulder_0 pos=(-108.0, 0.5, 120.3) (1.9 x 1.7 x 1.9)
Battle/@Node3D@528/boulder_0 mesh.surface[0] -> StandardMaterial3D (albedo=res://assets/models/terrain/boulder_0_boulder_0_mat_albedo.png)
Battle/@Node3D@529/boulder_3 pos=(-112.3, 2.1, 132.4) (2.0 x 1.7 x 1.9)
Battle/@Node3D@529/boulder_3 mesh.surface[0] -> StandardMaterial3D (albedo=res://assets/models/terrain/boulder_3_boulder_3_mat_albedo.png)
Battle/@Node3D@530/boulder_5 pos=(-70.1, 0.5, 132.3) (4.7 x 2.0 x 3.5)
Battle/@Node3D@530/boulder_5 mesh.surface[0] -> StandardMaterial3D (albedo=res://assets/models/terrain/boulder_5_boulder_5_mat_albedo.png)
Battle/@Node3D@531/boulder_3 pos=(-56.1, -0.6, 136.8) (2.0 x 1.7 x 1.9)
Battle/@Node3D@531/boulder_3 mesh.surface[0] -> StandardMaterial3D (albedo=res://assets/models/terrain/boulder_3_boulder_3_mat_albedo.png)
Battle/@Node3D@532/boulder_2 pos=(55.3, 1.5, 135.0) (3.8 x 2.7 x 3.2)
Battle/@Node3D@532/boulder_2 mesh.surface[0] -> StandardMaterial3D (albedo=res://assets/models/terrain/boulder_2_boulder_2_mat_albedo.png)
Battle/@Node3D@533/boulder_2 pos=(15.5, -0.7, 151.0) (3.8 x 2.7 x 3.2)
Battle/@Node3D@533/boulder_2 mesh.surface[0] -> StandardMaterial3D (albedo=res://assets/models/terrain/boulder_2_boulder_2_mat_albedo.png)
Battle/@Node3D@534/boulder_5 pos=(158.7, -1.1, 154.1) (4.7 x 2.0 x 3.5)
Battle/@Node3D@534/boulder_5 mesh.surface[0] -> StandardMaterial3D (albedo=res://assets/models/terrain/boulder_5_boulder_5_mat_albedo.png)
Battle/FogShroud pos=(0.0, 0.0, 0.0) (1.0 x 1.0 x 0.0)
Battle/FogShroud material_override -> ShaderMaterial (shader=)
    shader_parameter/shroud_tex = 
Battle/@CharacterBody3D@536/Hull/PhysicsMesh pos=(-59.7, 4.8, -0.6) (4.7 x 2.6 x 7.5)
Battle/@CharacterBody3D@536/Hull/PhysicsMesh mesh.surface[0] -> StandardMaterial3D (albedo=<no texture>)
Battle/@CharacterBody3D@536/Hull/MeshInstance3D pos=(-59.7, 4.8, -0.6) (4.7 x 2.6 x 7.5)
Battle/@CharacterBody3D@536/Hull/MeshInstance3D surface_override[0] -> ShaderMaterial (shader=res://shaders/hull_faction_material.gdshader)
    shader_parameter/albedo_tex = res://assets/textures/hull/hull_surface_albedo.png
    shader_parameter/normal_tex = res://assets/textures/hull/hull_surface_normal.png
    shader_parameter/roughness_tex = res://assets/textures/hull/hull_surface_roughness.png
Battle/@CharacterBody3D@536/Hull/HullDecals/_MeshInstance3D_537 pos=(-61.6, 5.7, 0.1) (0.9 x 0.4 x 0.0)
Battle/@CharacterBody3D@536/Hull/HullDecals/_MeshInstance3D_537 material_override -> StandardMaterial3D (albedo=)
Battle/@CharacterBody3D@536/Hull/HullDecals/_MeshInstance3D_538 pos=(-60.4, 5.7, 1.4) (0.9 x 0.4 x 0.0)
Battle/@CharacterBody3D@536/Hull/HullDecals/_MeshInstance3D_538 material_override -> StandardMaterial3D (albedo=)
Battle/@CharacterBody3D@536/Hull/HullDecals/_MeshInstance3D_539 pos=(-58.5, 5.0, 1.8) (2.4 x 0.4 x 0.0)
Battle/@CharacterBody3D@536/Hull/HullDecals/_MeshInstance3D_539 material_override -> StandardMaterial3D (albedo=)
Battle/@CharacterBody3D@536/Hull/HullDecals/_MeshInstance3D_540 pos=(-60.1, 6.0, -0.2) (1.1 x 1.1 x 0.0)
Battle/@CharacterBody3D@536/Hull/HullDecals/_MeshInstance3D_540 material_override -> StandardMaterial3D (albedo=)
Battle/@CharacterBody3D@536/Hull/_Node3D_570/TreadSpin/_MeshInstance3D_572 pos=(-59.5, 2.4, -5.0) (0.8 x 0.3 x 0.8)
Battle/@CharacterBody3D@536/Hull/_Node3D_570/TreadSpin/_MeshInstance3D_572 material_override -> StandardMaterial3D (albedo=<no texture>)
Battle/@CharacterBody3D@536/Hull/_Node3D_570/_Node3D_575/_MeshInstance3D_576 pos=(-64.2, 2.7, -0.6) (0.8 x 0.3 x 0.8)
Battle/@CharacterBody3D@536/Hull/_Node3D_570/_Node3D_575/_MeshInstance3D_576 material_override -> StandardMaterial3D (albedo=<no texture>)
Battle/@CharacterBody3D@536/Hull/_Node3D_570/_Node3D_579/_MeshInstance3D_580 pos=(-63.2, 2.1, -1.6) (0.9 x 0.4 x 0.9)
Battle/@CharacterBody3D@536/Hull/_Node3D_570/_Node3D_579/_MeshInstance3D_580 material_override -> StandardMaterial3D (albedo=<no texture>)
Battle/@CharacterBody3D@536/Hull/_Node3D_570/_Node3D_583/_MeshInstance3D_584 pos=(-62.5, 2.1, -2.2) (0.9 x 0.4 x 0.9)
Battle/@CharacterBody3D@536/Hull/_Node3D_570/_Node3D_583/_MeshInstance3D_584 material_override -> StandardMaterial3D (albedo=<no texture>)
Battle/@CharacterBody3D@536/Hull/_Node3D_570/_Node3D_587/_MeshInstance3D_588 pos=(-61.9, 2.1, -2.8) (0.9 x 0.4 x 0.9)
Battle/@CharacterBody3D@536/Hull/_Node3D_570/_Node3D_587/_MeshInstance3D_588 material_override -> StandardMaterial3D (albedo=<no texture>)
Battle/@CharacterBody3D@536/Hull/_Node3D_570/_Node3D_591/_MeshInstance3D_592 pos=(-61.3, 2.0, -3.4) (0.9 x 0.4 x 0.9)
Battle/@CharacterBody3D@536/Hull/_Node3D_570/_Node3D_591/_MeshInstance3D_592 material_override -> StandardMaterial3D (albedo=<no texture>)
Battle/@CharacterBody3D@536/Hull/_Node3D_570/_Node3D_595/_MeshInstance3D_596 pos=(-60.6, 2.0, -4.0) (0.9 x 0.4 x 0.9)
Battle/@CharacterBody3D@536/Hull/_Node3D_570/_Node3D_595/_MeshInstance3D_596 material_override -> StandardMaterial3D (albedo=<no texture>)
Battle/@CharacterBody3D@536/Hull/_Node3D_570/BakedVisual pos=(-61.6, 3.1, -2.5) (1.5 x 2.3 x 7.6)
Battle/@CharacterBody3D@536/Hull/_Node3D_570/BakedVisual material_override -> StandardMaterial3D (albedo=<no texture>)
Battle/@CharacterBody3D@536/Hull/_Node3D_570/_MeshInstance3D_600 pos=(-61.6, 3.1, -2.5) (0.7 x 0.9 x 7.1)
Battle/@CharacterBody3D@536/Hull/_Node3D_570/_MeshInstance3D_600 material_override -> StandardMaterial3D (albedo=<no texture>)
Battle/@CharacterBody3D@536/Hull/_Node3D_629/TreadSpin/_MeshInstance3D_631 pos=(-55.4, 2.2, -0.5) (0.8 x 0.3 x 0.8)
Battle/@CharacterBody3D@536/Hull/_Node3D_629/TreadSpin/_MeshInstance3D_631 material_override -> StandardMaterial3D (albedo=<no texture>)
Battle/@CharacterBody3D@536/Hull/_Node3D_629/_Node3D_634/_MeshInstance3D_635 pos=(-60.0, 2.5, 3.9) (0.8 x 0.3 x 0.8)
Battle/@CharacterBody3D@536/Hull/_Node3D_629/_Node3D_634/_MeshInstance3D_635 material_override -> StandardMaterial3D (albedo=<no texture>)
Battle/@CharacterBody3D@536/Hull/_Node3D_629/_Node3D_638/_MeshInstance3D_639 pos=(-59.0, 2.0, 2.9) (0.9 x 0.4 x 0.9)
Battle/@CharacterBody3D@536/Hull/_Node3D_629/_Node3D_638/_MeshInstance3D_639 material_override -> StandardMaterial3D (albedo=<no texture>)
Battle/@CharacterBody3D@536/Hull/_Node3D_629/_Node3D_642/_MeshInstance3D_643 pos=(-58.4, 1.9, 2.3) (0.9 x 0.4 x 0.9)
Battle/@CharacterBody3D@536/Hull/_Node3D_629/_Node3D_642/_MeshInstance3D_643 material_override -> StandardMaterial3D (albedo=<no texture>)
Battle/@CharacterBody3D@536/Hull/_Node3D_629/_Node3D_646/_MeshInstance3D_647 pos=(-57.7, 1.9, 1.7) (0.9 x 0.4 x 0.9)
Battle/@CharacterBody3D@536/Hull/_Node3D_629/_Node3D_646/_MeshInstance3D_647 material_override -> StandardMaterial3D (albedo=<no texture>)
Battle/@CharacterBody3D@536/Hull/_Node3D_629/_Node3D_650/_MeshInstance3D_651 pos=(-57.1, 1.8, 1.1) (0.9 x 0.4 x 0.9)
Battle/@CharacterBody3D@536/Hull/_Node3D_629/_Node3D_650/_MeshInstance3D_651 material_override -> StandardMaterial3D (albedo=<no texture>)
Battle/@CharacterBody3D@536/Hull/_Node3D_629/_Node3D_654/_MeshInstance3D_655 pos=(-56.4, 1.8, 0.5) (0.9 x 0.4 x 0.9)
Battle/@CharacterBody3D@536/Hull/_Node3D_629/_Node3D_654/_MeshInstance3D_655 material_override -> StandardMaterial3D (albedo=<no texture>)
Battle/@CharacterBody3D@536/Hull/_Node3D_629/BakedVisual pos=(-58.0, 2.9, 1.4) (1.5 x 2.3 x 7.6)
Battle/@CharacterBody3D@536/Hull/_Node3D_629/BakedVisual material_override -> StandardMaterial3D (albedo=<no texture>)
Battle/@CharacterBody3D@536/Hull/_Node3D_629/_MeshInstance3D_659 pos=(-58.0, 2.9, 1.4) (0.7 x 0.9 x 7.1)
Battle/@CharacterBody3D@536/Hull/_Node3D_629/_MeshInstance3D_659 material_override -> StandardMaterial3D (albedo=<no texture>)
Battle/@CharacterBody3D@536/Hull/_Node3D_663/ModularScaleWrapper/_MeshInstance3D_664 pos=(-59.1, 6.1, -1.1) (0.5 x 0.3 x 0.4)
Battle/@CharacterBody3D@536/Hull/_Node3D_663/ModularScaleWrapper/_MeshInstance3D_664 material_override -> StandardMaterial3D (albedo=<no texture>)
Battle/@CharacterBody3D@536/Hull/_Node3D_663/ModularScaleWrapper/_MeshInstance3D_665 pos=(-59.0, 6.7, -1.1) (0.5 x 0.5 x 1.3)
Battle/@CharacterBody3D@536/Hull/_Node3D_663/ModularScaleWrapper/_MeshInstance3D_665 material_override -> StandardMaterial3D (albedo=<no texture>)
Battle/@CharacterBody3D@536/Hull/_Node3D_663/ModularScaleWrapper/_MeshInstance3D_666 pos=(-58.9, 6.7, -1.1) (0.2 x 0.2 x 1.5)
Battle/@CharacterBody3D@536/Hull/_Node3D_663/ModularScaleWrapper/_MeshInstance3D_666 material_override -> StandardMaterial3D (albedo=<no texture>)
Battle/@CharacterBody3D@536/Hull/_Node3D_674/BakedVisual pos=(-59.7, 5.9, 1.2) (0.3 x 0.3 x 0.3)
Battle/@CharacterBody3D@536/Hull/_Node3D_674/BakedVisual material_override -> StandardMaterial3D (albedo=<no texture>)
Battle/@CharacterBody3D@536/Hull/_Node3D_674/_MeshInstance3D_683 pos=(-59.7, 5.9, 1.2) (0.2 x 0.2 x 0.5)
Battle/@CharacterBody3D@536/Hull/_Node3D_674/_MeshInstance3D_683 material_override -> StandardMaterial3D (albedo=<no texture>)
Battle/@CharacterBody3D@536/Hull/_Node3D_674/_MeshInstance3D_684 pos=(-59.7, 5.9, 1.2) (0.1 x 0.1 x 1.0)
Battle/@CharacterBody3D@536/Hull/_Node3D_674/_MeshInstance3D_684 material_override -> StandardMaterial3D (albedo=<no texture>)
Battle/@CharacterBody3D@536/Hull/_Node3D_674/_MeshInstance3D_685 pos=(-59.7, 5.9, 1.2) (0.2 x 0.3 x 0.3)
Battle/@CharacterBody3D@536/Hull/_Node3D_674/_MeshInstance3D_685 material_override -> StandardMaterial3D (albedo=<no texture>)
Battle/@CharacterBody3D@536/SelectionRing pos=(-59.7, 1.5, -0.6) (9.6 x 0.2 x 9.6)
Battle/@CharacterBody3D@536/SelectionRing material_override -> StandardMaterial3D (albedo=<no texture>)
Battle/@CharacterBody3D@687/Hull/PhysicsMesh pos=(0.0, 5.0, -9.0) (4.7 x 2.6 x 7.5)
Battle/@CharacterBody3D@687/Hull/PhysicsMesh mesh.surface[0] -> StandardMaterial3D (albedo=<no texture>)
Battle/@CharacterBody3D@687/Hull/MeshInstance3D pos=(0.0, 5.0, -9.0) (4.7 x 2.6 x 7.5)
Battle/@CharacterBody3D@687/Hull/MeshInstance3D surface_override[0] -> ShaderMaterial (shader=res://shaders/hull_faction_material.gdshader)
    shader_parameter/albedo_tex = res://assets/textures/hull/hull_surface_albedo.png
    shader_parameter/normal_tex = res://assets/textures/hull/hull_surface_normal.png
    shader_parameter/roughness_tex = res://assets/textures/hull/hull_surface_roughness.png
Battle/@CharacterBody3D@687/Hull/HullDecals/_MeshInstance3D_688 pos=(-0.9, 5.8, -7.1) (0.9 x 0.4 x 0.0)
Battle/@CharacterBody3D@687/Hull/HullDecals/_MeshInstance3D_688 material_override -> StandardMaterial3D (albedo=)
Battle/@CharacterBody3D@687/Hull/HullDecals/_MeshInstance3D_689 pos=(0.9, 5.8, -7.1) (0.9 x 0.4 x 0.0)
Battle/@CharacterBody3D@687/Hull/HullDecals/_MeshInstance3D_689 material_override -> StandardMaterial3D (albedo=)
Battle/@CharacterBody3D@687/Hull/HullDecals/_MeshInstance3D_690 pos=(2.5, 5.3, -8.3) (2.4 x 0.4 x 0.0)
Battle/@CharacterBody3D@687/Hull/HullDecals/_MeshInstance3D_690 material_override -> StandardMaterial3D (albedo=)
Battle/@CharacterBody3D@687/Hull/HullDecals/_MeshInstance3D_691 pos=(0.0, 6.2, -8.4) (1.5 x 1.5 x 0.0)
Battle/@CharacterBody3D@687/Hull/HullDecals/_MeshInstance3D_691 material_override -> StandardMaterial3D (albedo=)
Battle/@CharacterBody3D@687/Hull/HullDecals/_MeshInstance3D_692 pos=(0.0, 6.2, -8.4) (1.1 x 1.1 x 0.0)
Battle/@CharacterBody3D@687/Hull/HullDecals/_MeshInstance3D_692 material_override -> StandardMaterial3D (albedo=)
Battle/@CharacterBody3D@687/Hull/_Node3D_722/TreadSpin/_MeshInstance3D_724 pos=(-3.1, 2.6, -12.2) (0.8 x 0.3 x 0.8)
Battle/@CharacterBody3D@687/Hull/_Node3D_722/TreadSpin/_MeshInstance3D_724 material_override -> StandardMaterial3D (albedo=<no texture>)
Battle/@CharacterBody3D@687/Hull/_Node3D_722/_Node3D_727/_MeshInstance3D_728 pos=(-3.1, 2.6, -5.8) (0.8 x 0.3 x 0.8)
Battle/@CharacterBody3D@687/Hull/_Node3D_722/_Node3D_727/_MeshInstance3D_728 material_override -> StandardMaterial3D (albedo=<no texture>)
Battle/@CharacterBody3D@687/Hull/_Node3D_722/_Node3D_731/_MeshInstance3D_732 pos=(-3.1, 2.2, -7.2) (0.9 x 0.4 x 0.9)
Battle/@CharacterBody3D@687/Hull/_Node3D_722/_Node3D_731/_MeshInstance3D_732 material_override -> StandardMaterial3D (albedo=<no texture>)
Battle/@CharacterBody3D@687/Hull/_Node3D_722/_Node3D_735/_MeshInstance3D_736 pos=(-3.1, 2.2, -8.1) (0.9 x 0.4 x 0.9)
Battle/@CharacterBody3D@687/Hull/_Node3D_722/_Node3D_735/_MeshInstance3D_736 material_override -> StandardMaterial3D (albedo=<no texture>)
Battle/@CharacterBody3D@687/Hull/_Node3D_722/_Node3D_739/_MeshInstance3D_740 pos=(-3.1, 2.2, -9.0) (0.9 x 0.4 x 0.9)
Battle/@CharacterBody3D@687/Hull/_Node3D_722/_Node3D_739/_MeshInstance3D_740 material_override -> StandardMaterial3D (albedo=<no texture>)
Battle/@CharacterBody3D@687/Hull/_Node3D_722/_Node3D_743/_MeshInstance3D_744 pos=(-3.1, 2.2, -9.9) (0.9 x 0.4 x 0.9)
Battle/@CharacterBody3D@687/Hull/_Node3D_722/_Node3D_743/_MeshInstance3D_744 material_override -> StandardMaterial3D (albedo=<no texture>)
Battle/@CharacterBody3D@687/Hull/_Node3D_722/_Node3D_747/_MeshInstance3D_748 pos=(-3.1, 2.2, -10.8) (0.9 x 0.4 x 0.9)
Battle/@CharacterBody3D@687/Hull/_Node3D_722/_Node3D_747/_MeshInstance3D_748 material_override -> StandardMaterial3D (albedo=<no texture>)
Battle/@CharacterBody3D@687/Hull/_Node3D_722/BakedVisual pos=(-2.6, 3.2, -9.0) (1.5 x 2.3 x 7.6)
Battle/@CharacterBody3D@687/Hull/_Node3D_722/BakedVisual material_override -> StandardMaterial3D (albedo=<no texture>)
Battle/@CharacterBody3D@687/Hull/_Node3D_722/_MeshInstance3D_752 pos=(-2.6, 3.2, -9.0) (0.7 x 0.9 x 7.1)
Battle/@CharacterBody3D@687/Hull/_Node3D_722/_MeshInstance3D_752 material_override -> StandardMaterial3D (albedo=<no texture>)
Battle/@CharacterBody3D@687/Hull/_Node3D_781/TreadSpin/_MeshInstance3D_783 pos=(3.1, 2.6, -12.2) (0.8 x 0.3 x 0.8)
Battle/@CharacterBody3D@687/Hull/_Node3D_781/TreadSpin/_MeshInstance3D_783 material_override -> StandardMaterial3D (albedo=<no texture>)
Battle/@CharacterBody3D@687/Hull/_Node3D_781/_Node3D_786/_MeshInstance3D_787 pos=(3.1, 2.6, -5.8) (0.8 x 0.3 x 0.8)
Battle/@CharacterBody3D@687/Hull/_Node3D_781/_Node3D_786/_MeshInstance3D_787 material_override -> StandardMaterial3D (albedo=<no texture>)
Battle/@CharacterBody3D@687/Hull/_Node3D_781/_Node3D_790/_MeshInstance3D_791 pos=(3.1, 2.2, -7.2) (0.9 x 0.4 x 0.9)
Battle/@CharacterBody3D@687/Hull/_Node3D_781/_Node3D_790/_MeshInstance3D_791 material_override -> StandardMaterial3D (albedo=<no texture>)
Battle/@CharacterBody3D@687/Hull/_Node3D_781/_Node3D_794/_MeshInstance3D_795 pos=(3.1, 2.2, -8.1) (0.9 x 0.4 x 0.9)
Battle/@CharacterBody3D@687/Hull/_Node3D_781/_Node3D_794/_MeshInstance3D_795 material_override -> StandardMaterial3D (albedo=<no texture>)
Battle/@CharacterBody3D@687/Hull/_Node3D_781/_Node3D_798/_MeshInstance3D_799 pos=(3.1, 2.2, -9.0) (0.9 x 0.4 x 0.9)
Battle/@CharacterBody3D@687/Hull/_Node3D_781/_Node3D_798/_MeshInstance3D_799 material_override -> StandardMaterial3D (albedo=<no texture>)
Battle/@CharacterBody3D@687/Hull/_Node3D_781/_Node3D_802/_MeshInstance3D_803 pos=(3.1, 2.2, -9.9) (0.9 x 0.4 x 0.9)
Battle/@CharacterBody3D@687/Hull/_Node3D_781/_Node3D_802/_MeshInstance3D_803 material_override -> StandardMaterial3D (albedo=<no texture>)
Battle/@CharacterBody3D@687/Hull/_Node3D_781/_Node3D_806/_MeshInstance3D_807 pos=(3.1, 2.2, -10.8) (0.9 x 0.4 x 0.9)
Battle/@CharacterBody3D@687/Hull/_Node3D_781/_Node3D_806/_MeshInstance3D_807 material_override -> StandardMaterial3D (albedo=<no texture>)
Battle/@CharacterBody3D@687/Hull/_Node3D_781/BakedVisual pos=(2.6, 3.2, -9.0) (1.5 x 2.3 x 7.6)
Battle/@CharacterBody3D@687/Hull/_Node3D_781/BakedVisual material_override -> StandardMaterial3D (albedo=<no texture>)
Battle/@CharacterBody3D@687/Hull/_Node3D_781/_MeshInstance3D_811 pos=(2.6, 3.2, -9.0) (0.7 x 0.9 x 7.1)
Battle/@CharacterBody3D@687/Hull/_Node3D_781/_MeshInstance3D_811 material_override -> StandardMaterial3D (albedo=<no texture>)
Battle/@CharacterBody3D@687/Hull/_Node3D_815/ModularScaleWrapper/_MeshInstance3D_816 pos=(0.0, 6.4, -9.8) (0.5 x 0.3 x 0.4)
Battle/@CharacterBody3D@687/Hull/_Node3D_815/ModularScaleWrapper/_MeshInstance3D_816 material_override -> StandardMaterial3D (albedo=<no texture>)
Battle/@CharacterBody3D@687/Hull/_Node3D_815/ModularScaleWrapper/_MeshInstance3D_817 pos=(0.0, 6.9, -9.7) (0.5 x 0.5 x 1.3)
Battle/@CharacterBody3D@687/Hull/_Node3D_815/ModularScaleWrapper/_MeshInstance3D_817 material_override -> StandardMaterial3D (albedo=<no texture>)
Battle/@CharacterBody3D@687/Hull/_Node3D_815/ModularScaleWrapper/_MeshInstance3D_818 pos=(0.0, 6.9, -9.8) (0.2 x 0.2 x 1.5)
Battle/@CharacterBody3D@687/Hull/_Node3D_815/ModularScaleWrapper/_MeshInstance3D_818 material_override -> StandardMaterial3D (albedo=<no texture>)
Battle/@CharacterBody3D@687/Hull/_Node3D_826/BakedVisual pos=(1.3, 6.1, -7.8) (0.3 x 0.3 x 0.3)
Battle/@CharacterBody3D@687/Hull/_Node3D_826/BakedVisual material_override -> StandardMaterial3D (albedo=<no texture>)
Battle/@CharacterBody3D@687/Hull/_Node3D_826/_MeshInstance3D_835 pos=(1.3, 6.1, -7.8) (0.2 x 0.2 x 0.5)
Battle/@CharacterBody3D@687/Hull/_Node3D_826/_MeshInstance3D_835 material_override -> StandardMaterial3D (albedo=<no texture>)
Battle/@CharacterBody3D@687/Hull/_Node3D_826/_MeshInstance3D_836 pos=(1.3, 6.1, -7.8) (0.1 x 0.1 x 1.0)
Battle/@CharacterBody3D@687/Hull/_Node3D_826/_MeshInstance3D_836 material_override -> StandardMaterial3D (albedo=<no texture>)
Battle/@CharacterBody3D@687/Hull/_Node3D_826/_MeshInstance3D_837 pos=(1.3, 6.1, -7.8) (0.2 x 0.3 x 0.3)
Battle/@CharacterBody3D@687/Hull/_Node3D_826/_MeshInstance3D_837 material_override -> StandardMaterial3D (albedo=<no texture>)
Battle/@CharacterBody3D@687/SelectionRing pos=(0.0, 1.7, -9.0) (9.6 x 0.2 x 9.6)
Battle/@CharacterBody3D@687/SelectionRing material_override -> StandardMaterial3D (albedo=<no texture>)
Battle/@CharacterBody3D@839/Hull/PhysicsMesh pos=(0.0, 2.0, -3.0) (2.4 x 1.4 x 4.1)
Battle/@CharacterBody3D@839/Hull/PhysicsMesh mesh.surface[0] -> StandardMaterial3D (albedo=<no texture>)
Battle/@CharacterBody3D@839/Hull/MeshInstance3D pos=(0.0, 2.0, -3.0) (2.4 x 1.4 x 4.1)
Battle/@CharacterBody3D@839/Hull/MeshInstance3D surface_override[0] -> ShaderMaterial (shader=res://shaders/hull_faction_material.gdshader)
    shader_parameter/albedo_tex = res://assets/textures/hull/hull_surface_albedo.png
    shader_parameter/normal_tex = res://assets/textures/hull/hull_surface_normal.png
    shader_parameter/roughness_tex = res://assets/textures/hull/hull_surface_roughness.png
Battle/@CharacterBody3D@839/Hull/HullDecals/_MeshInstance3D_840 pos=(-0.4, 2.4, -0.9) (0.4 x 0.2 x 0.0)
Battle/@CharacterBody3D@839/Hull/HullDecals/_MeshInstance3D_840 material_override -> StandardMaterial3D (albedo=)
Battle/@CharacterBody3D@839/Hull/HullDecals/_MeshInstance3D_841 pos=(0.4, 2.4, -0.9) (0.4 x 0.2 x 0.0)
Battle/@CharacterBody3D@839/Hull/HullDecals/_MeshInstance3D_841 material_override -> StandardMaterial3D (albedo=)
Battle/@CharacterBody3D@839/Hull/HullDecals/_MeshInstance3D_842 pos=(0.9, 2.1, -2.9) (1.3 x 0.2 x 0.0)
Battle/@CharacterBody3D@839/Hull/HullDecals/_MeshInstance3D_842 material_override -> StandardMaterial3D (albedo=)
Battle/@CharacterBody3D@839/Hull/HullDecals/_MeshInstance3D_843 pos=(0.0, 2.1, -2.7) (0.7 x 0.7 x 0.0)
Battle/@CharacterBody3D@839/Hull/HullDecals/_MeshInstance3D_843 material_override -> StandardMaterial3D (albedo=)
Battle/@CharacterBody3D@839/Hull/HullDecals/_MeshInstance3D_844 pos=(0.0, 2.1, -2.7) (0.5 x 0.5 x 0.0)
Battle/@CharacterBody3D@839/Hull/HullDecals/_MeshInstance3D_844 material_override -> StandardMaterial3D (albedo=)
Battle/@CharacterBody3D@839/Hull/_Node3D_849/WheelSpin/_MeshInstance3D_852 pos=(-0.7, 1.3, -4.4) (0.9 x 0.4 x 0.9)
Battle/@CharacterBody3D@839/Hull/_Node3D_849/WheelSpin/_MeshInstance3D_852 material_override -> StandardMaterial3D (albedo=<no texture>)
Battle/@CharacterBody3D@839/Hull/_Node3D_849/BakedVisual pos=(-0.6, 1.4, -4.4) (0.3 x 0.3 x 0.3)
Battle/@CharacterBody3D@839/Hull/_Node3D_849/BakedVisual material_override -> StandardMaterial3D (albedo=<no texture>)
Battle/@CharacterBody3D@839/Hull/_Node3D_849/_MeshInstance3D_856 pos=(-0.6, 1.4, -4.4) (0.4 x 0.3 x 0.3)
Battle/@CharacterBody3D@839/Hull/_Node3D_849/_MeshInstance3D_856 material_override -> StandardMaterial3D (albedo=<no texture>)
Battle/@CharacterBody3D@839/Hull/_Node3D_860/WheelSpin/_MeshInstance3D_863 pos=(-1.1, 1.2, -1.6) (0.9 x 0.4 x 0.9)
Battle/@CharacterBody3D@839/Hull/_Node3D_860/WheelSpin/_MeshInstance3D_863 material_override -> StandardMaterial3D (albedo=<no texture>)
Battle/@CharacterBody3D@839/Hull/_Node3D_860/BakedVisual pos=(-0.8, 1.3, -1.6) (0.4 x 0.4 x 0.3)
Battle/@CharacterBody3D@839/Hull/_Node3D_860/BakedVisual material_override -> StandardMaterial3D (albedo=<no texture>)
Battle/@CharacterBody3D@839/Hull/_Node3D_860/_MeshInstance3D_867 pos=(-0.8, 1.3, -1.6) (0.4 x 0.3 x 0.3)
Battle/@CharacterBody3D@839/Hull/_Node3D_860/_MeshInstance3D_867 material_override -> StandardMaterial3D (albedo=<no texture>)
Battle/@CharacterBody3D@839/Hull/_Node3D_871/WheelSpin/_MeshInstance3D_874 pos=(0.7, 1.2, -4.4) (0.9 x 0.4 x 0.9)
Battle/@CharacterBody3D@839/Hull/_Node3D_871/WheelSpin/_MeshInstance3D_874 material_override -> StandardMaterial3D (albedo=<no texture>)
Battle/@CharacterBody3D@839/Hull/_Node3D_871/BakedVisual pos=(0.4, 1.3, -4.4) (0.4 x 0.4 x 0.3)
Battle/@CharacterBody3D@839/Hull/_Node3D_871/BakedVisual material_override -> StandardMaterial3D (albedo=<no texture>)
Battle/@CharacterBody3D@839/Hull/_Node3D_871/_MeshInstance3D_878 pos=(0.4, 1.3, -4.4) (0.4 x 0.3 x 0.3)
Battle/@CharacterBody3D@839/Hull/_Node3D_871/_MeshInstance3D_878 material_override -> StandardMaterial3D (albedo=<no texture>)
Battle/@CharacterBody3D@839/Hull/_Node3D_882/WheelSpin/_MeshInstance3D_885 pos=(1.1, 1.3, -1.6) (0.9 x 0.4 x 0.9)
Battle/@CharacterBody3D@839/Hull/_Node3D_882/WheelSpin/_MeshInstance3D_885 material_override -> StandardMaterial3D (albedo=<no texture>)
Battle/@CharacterBody3D@839/Hull/_Node3D_882/BakedVisual pos=(1.0, 1.4, -1.6) (0.3 x 0.3 x 0.3)
Battle/@CharacterBody3D@839/Hull/_Node3D_882/BakedVisual material_override -> StandardMaterial3D (albedo=<no texture>)
Battle/@CharacterBody3D@839/Hull/_Node3D_882/_MeshInstance3D_889 pos=(1.0, 1.4, -1.6) (0.4 x 0.3 x 0.3)
Battle/@CharacterBody3D@839/Hull/_Node3D_882/_MeshInstance3D_889 material_override -> StandardMaterial3D (albedo=<no texture>)
Battle/@CharacterBody3D@839/Hull/_Node3D_894/BakedVisual pos=(0.0, 1.9, -4.0) (0.3 x 0.3 x 0.3)
Battle/@CharacterBody3D@839/Hull/_Node3D_894/BakedVisual material_override -> StandardMaterial3D (albedo=<no texture>)
Battle/@CharacterBody3D@839/Hull/_Node3D_894/_MeshInstance3D_903 pos=(0.0, 1.9, -4.0) (0.2 x 0.2 x 0.5)
Battle/@CharacterBody3D@839/Hull/_Node3D_894/_MeshInstance3D_903 material_override -> StandardMaterial3D (albedo=<no texture>)
Battle/@CharacterBody3D@839/Hull/_Node3D_894/_MeshInstance3D_904 pos=(0.0, 1.9, -4.0) (0.1 x 0.1 x 1.0)
Battle/@CharacterBody3D@839/Hull/_Node3D_894/_MeshInstance3D_904 material_override -> StandardMaterial3D (albedo=<no texture>)
Battle/@CharacterBody3D@839/Hull/_Node3D_894/_MeshInstance3D_905 pos=(0.0, 1.9, -4.0) (0.2 x 0.3 x 0.3)
Battle/@CharacterBody3D@839/Hull/_Node3D_894/_MeshInstance3D_905 material_override -> StandardMaterial3D (albedo=<no texture>)
Battle/@CharacterBody3D@839/Hull/_Node3D_908/BakedVisual pos=(0.0, 2.1, -2.0) (0.5 x 1.0 x 0.5)
Battle/@CharacterBody3D@839/Hull/_Node3D_908/BakedVisual material_override -> StandardMaterial3D (albedo=<no texture>)
Battle/@CharacterBody3D@839/Hull/_Node3D_908/_MeshInstance3D_914 pos=(0.0, 2.1, -2.0) (0.4 x 0.4 x 0.3)
Battle/@CharacterBody3D@839/Hull/_Node3D_908/_MeshInstance3D_914 material_override -> StandardMaterial3D (albedo=<no texture>)
Battle/@CharacterBody3D@839/SelectionRing pos=(0.0, 0.9, -3.0) (5.4 x 0.2 x 5.4)
Battle/@CharacterBody3D@839/SelectionRing material_override -> StandardMaterial3D (albedo=<no texture>)
Battle/@CharacterBody3D@916/Hull/PhysicsMesh pos=(0.0, 0.4, 3.0) (2.8 x 1.6 x 4.9)
Battle/@CharacterBody3D@916/Hull/PhysicsMesh mesh.surface[0] -> StandardMaterial3D (albedo=<no texture>)
Battle/@CharacterBody3D@916/Hull/MeshInstance3D pos=(0.0, 0.4, 3.0) (2.8 x 1.6 x 4.9)
Battle/@CharacterBody3D@916/Hull/MeshInstance3D surface_override[0] -> ShaderMaterial (shader=res://shaders/hull_faction_material.gdshader)
    shader_parameter/albedo_tex = res://assets/textures/hull/hull_surface_albedo.png
    shader_parameter/normal_tex = res://assets/textures/hull/hull_surface_normal.png
    shader_parameter/roughness_tex = res://assets/textures/hull/hull_surface_roughness.png
Battle/@CharacterBody3D@916/Hull/HullDecals/_MeshInstance3D_917 pos=(-0.1, 0.5, 5.3) (0.5 x 0.2 x 0.0)
Battle/@CharacterBody3D@916/Hull/HullDecals/_MeshInstance3D_917 material_override -> StandardMaterial3D (albedo=)
Battle/@CharacterBody3D@916/Hull/HullDecals/_MeshInstance3D_918 pos=(0.1, 0.5, 5.3) (0.5 x 0.2 x 0.0)
Battle/@CharacterBody3D@916/Hull/HullDecals/_MeshInstance3D_918 material_override -> StandardMaterial3D (albedo=)
Battle/@CharacterBody3D@916/Hull/HullDecals/_MeshInstance3D_919 pos=(1.2, 0.5, 3.3) (1.6 x 0.2 x 0.0)
Battle/@CharacterBody3D@916/Hull/HullDecals/_MeshInstance3D_919 material_override -> StandardMaterial3D (albedo=)
Battle/@CharacterBody3D@916/Hull/HullDecals/_MeshInstance3D_920 pos=(0.0, 0.5, 3.4) (0.8 x 0.8 x 0.0)
Battle/@CharacterBody3D@916/Hull/HullDecals/_MeshInstance3D_920 material_override -> StandardMaterial3D (albedo=)
Battle/@CharacterBody3D@916/Hull/HullDecals/_MeshInstance3D_921 pos=(0.0, 0.6, 3.4) (0.6 x 0.6 x 0.0)
Battle/@CharacterBody3D@916/Hull/HullDecals/_MeshInstance3D_921 material_override -> StandardMaterial3D (albedo=)
Battle/@CharacterBody3D@916/Hull/_Node3D_926/WheelSpin/_MeshInstance3D_929 pos=(-1.5, -0.3, 1.3) (0.9 x 0.4 x 0.9)
Battle/@CharacterBody3D@916/Hull/_Node3D_926/WheelSpin/_MeshInstance3D_929 material_override -> StandardMaterial3D (albedo=<no texture>)
Battle/@CharacterBody3D@916/Hull/_Node3D_926/BakedVisual pos=(-1.4, -0.2, 1.3) (0.3 x 0.4 x 0.3)
Battle/@CharacterBody3D@916/Hull/_Node3D_926/BakedVisual material_override -> StandardMaterial3D (albedo=<no texture>)
Battle/@CharacterBody3D@916/Hull/_Node3D_926/_MeshInstance3D_933 pos=(-1.4, -0.2, 1.3) (0.5 x 0.4 x 0.3)
Battle/@CharacterBody3D@916/Hull/_Node3D_926/_MeshInstance3D_933 material_override -> StandardMaterial3D (albedo=<no texture>)
Battle/@CharacterBody3D@916/Hull/_Node3D_937/WheelSpin/_MeshInstance3D_940 pos=(-1.4, -0.5, 4.7) (0.9 x 0.4 x 0.9)
Battle/@CharacterBody3D@916/Hull/_Node3D_937/WheelSpin/_MeshInstance3D_940 material_override -> StandardMaterial3D (albedo=<no texture>)
Battle/@CharacterBody3D@916/Hull/_Node3D_937/BakedVisual pos=(-1.2, -0.3, 4.7) (0.5 x 0.5 x 0.3)
Battle/@CharacterBody3D@916/Hull/_Node3D_937/BakedVisual material_override -> StandardMaterial3D (albedo=<no texture>)
Battle/@CharacterBody3D@916/Hull/_Node3D_937/_MeshInstance3D_944 pos=(-1.2, -0.3, 4.7) (0.5 x 0.4 x 0.3)
Battle/@CharacterBody3D@916/Hull/_Node3D_937/_MeshInstance3D_944 material_override -> StandardMaterial3D (albedo=<no texture>)
Battle/@CharacterBody3D@916/Hull/_Node3D_948/WheelSpin/_MeshInstance3D_951 pos=(1.4, -0.5, 1.3) (0.9 x 0.4 x 0.9)
Battle/@CharacterBody3D@916/Hull/_Node3D_948/WheelSpin/_MeshInstance3D_951 material_override -> StandardMaterial3D (albedo=<no texture>)
Battle/@CharacterBody3D@916/Hull/_Node3D_948/BakedVisual pos=(1.2, -0.3, 1.3) (0.5 x 0.5 x 0.3)
Battle/@CharacterBody3D@916/Hull/_Node3D_948/BakedVisual material_override -> StandardMaterial3D (albedo=<no texture>)
Battle/@CharacterBody3D@916/Hull/_Node3D_948/_MeshInstance3D_955 pos=(1.2, -0.3, 1.3) (0.5 x 0.4 x 0.3)
Battle/@CharacterBody3D@916/Hull/_Node3D_948/_MeshInstance3D_955 material_override -> StandardMaterial3D (albedo=<no texture>)
Battle/@CharacterBody3D@916/Hull/_Node3D_959/WheelSpin/_MeshInstance3D_962 pos=(1.4, -0.5, 4.7) (0.9 x 0.4 x 0.9)
Battle/@CharacterBody3D@916/Hull/_Node3D_959/WheelSpin/_MeshInstance3D_962 material_override -> StandardMaterial3D (albedo=<no texture>)
Battle/@CharacterBody3D@916/Hull/_Node3D_959/BakedVisual pos=(1.2, -0.4, 4.7) (0.5 x 0.5 x 0.3)
Battle/@CharacterBody3D@916/Hull/_Node3D_959/BakedVisual material_override -> StandardMaterial3D (albedo=<no texture>)
Battle/@CharacterBody3D@916/Hull/_Node3D_959/_MeshInstance3D_966 pos=(1.2, -0.4, 4.7) (0.5 x 0.4 x 0.3)
Battle/@CharacterBody3D@916/Hull/_Node3D_959/_MeshInstance3D_966 material_override -> StandardMaterial3D (albedo=<no texture>)
Battle/@CharacterBody3D@916/Hull/_Node3D_981/ModularScaleWrapper/_MeshInstance3D_982 pos=(0.0, 0.5, 3.5) (0.4 x 0.3 x 0.4)
Battle/@CharacterBody3D@916/Hull/_Node3D_981/ModularScaleWrapper/_MeshInstance3D_982 material_override -> StandardMaterial3D (albedo=<no texture>)
Battle/@CharacterBody3D@916/Hull/_Node3D_981/ModularScaleWrapper/_MeshInstance3D_983 pos=(0.0, 0.9, 3.5) (0.5 x 0.6 x 0.9)
Battle/@CharacterBody3D@916/Hull/_Node3D_981/ModularScaleWrapper/_MeshInstance3D_983 material_override -> StandardMaterial3D (albedo=<no texture>)
Battle/@CharacterBody3D@916/Hull/_Node3D_981/ModularScaleWrapper/_MeshInstance3D_984 pos=(-0.2, 1.0, 2.9) (0.1 x 0.1 x 0.8)
Battle/@CharacterBody3D@916/Hull/_Node3D_981/ModularScaleWrapper/_MeshInstance3D_984 material_override -> StandardMaterial3D (albedo=<no texture>)
Battle/@CharacterBody3D@916/Hull/_Node3D_981/ModularScaleWrapper/_MeshInstance3D_985 pos=(-0.2, 1.2, 2.9) (0.1 x 0.1 x 0.8)
Battle/@CharacterBody3D@916/Hull/_Node3D_981/ModularScaleWrapper/_MeshInstance3D_985 material_override -> StandardMaterial3D (albedo=<no texture>)
Battle/@CharacterBody3D@916/Hull/_Node3D_981/ModularScaleWrapper/_MeshInstance3D_986 pos=(-0.2, 1.3, 2.9) (0.1 x 0.1 x 0.8)
Battle/@CharacterBody3D@916/Hull/_Node3D_981/ModularScaleWrapper/_MeshInstance3D_986 material_override -> StandardMaterial3D (albedo=<no texture>)
Battle/@CharacterBody3D@916/Hull/_Node3D_981/ModularScaleWrapper/_MeshInstance3D_987 pos=(-0.1, 1.0, 2.9) (0.1 x 0.1 x 0.8)
Battle/@CharacterBody3D@916/Hull/_Node3D_981/ModularScaleWrapper/_MeshInstance3D_987 material_override -> StandardMaterial3D (albedo=<no texture>)
Battle/@CharacterBody3D@916/Hull/_Node3D_981/ModularScaleWrapper/_MeshInstance3D_988 pos=(-0.1, 1.2, 2.9) (0.1 x 0.1 x 0.8)
Battle/@CharacterBody3D@916/Hull/_Node3D_981/ModularScaleWrapper/_MeshInstance3D_988 material_override -> StandardMaterial3D (albedo=<no texture>)
Battle/@CharacterBody3D@916/Hull/_Node3D_981/ModularScaleWrapper/_MeshInstance3D_989 pos=(-0.1, 1.3, 2.9) (0.1 x 0.1 x 0.8)
Battle/@CharacterBody3D@916/Hull/_Node3D_981/ModularScaleWrapper/_MeshInstance3D_989 material_override -> StandardMaterial3D (albedo=<no texture>)
Battle/@CharacterBody3D@916/Hull/_Node3D_981/ModularScaleWrapper/_MeshInstance3D_990 pos=(0.1, 1.0, 2.9) (0.1 x 0.1 x 0.8)
Battle/@CharacterBody3D@916/Hull/_Node3D_981/ModularScaleWrapper/_MeshInstance3D_990 material_override -> StandardMaterial3D (albedo=<no texture>)
Battle/@CharacterBody3D@916/Hull/_Node3D_981/ModularScaleWrapper/_MeshInstance3D_991 pos=(0.1, 1.2, 2.9) (0.1 x 0.1 x 0.8)
Battle/@CharacterBody3D@916/Hull/_Node3D_981/ModularScaleWrapper/_MeshInstance3D_991 material_override -> StandardMaterial3D (albedo=<no texture>)
Battle/@CharacterBody3D@916/Hull/_Node3D_981/ModularScaleWrapper/_MeshInstance3D_992 pos=(0.1, 1.3, 2.9) (0.1 x 0.1 x 0.8)
Battle/@CharacterBody3D@916/Hull/_Node3D_981/ModularScaleWrapper/_MeshInstance3D_992 material_override -> StandardMaterial3D (albedo=<no texture>)
Battle/@CharacterBody3D@916/Hull/_Node3D_981/ModularScaleWrapper/_MeshInstance3D_993 pos=(0.2, 1.0, 2.9) (0.1 x 0.1 x 0.8)
Battle/@CharacterBody3D@916/Hull/_Node3D_981/ModularScaleWrapper/_MeshInstance3D_993 material_override -> StandardMaterial3D (albedo=<no texture>)
Battle/@CharacterBody3D@916/Hull/_Node3D_981/ModularScaleWrapper/_MeshInstance3D_994 pos=(0.2, 1.2, 2.9) (0.1 x 0.1 x 0.8)
Battle/@CharacterBody3D@916/Hull/_Node3D_981/ModularScaleWrapper/_MeshInstance3D_994 material_override -> StandardMaterial3D (albedo=<no texture>)
Battle/@CharacterBody3D@916/Hull/_Node3D_981/ModularScaleWrapper/_MeshInstance3D_995 pos=(0.2, 1.3, 2.9) (0.1 x 0.1 x 0.8)
Battle/@CharacterBody3D@916/Hull/_Node3D_981/ModularScaleWrapper/_MeshInstance3D_995 material_override -> StandardMaterial3D (albedo=<no texture>)
Battle/@CharacterBody3D@916/Hull/_Node3D_999/BakedVisual pos=(0.0, 1.1, 1.5) (0.5 x 1.0 x 0.5)
Battle/@CharacterBody3D@916/Hull/_Node3D_999/BakedVisual material_override -> StandardMaterial3D (albedo=<no texture>)
Battle/@CharacterBody3D@916/Hull/_Node3D_999/_MeshInstance3D_1005 pos=(0.0, 1.1, 1.5) (0.4 x 0.4 x 0.3)
Battle/@CharacterBody3D@916/Hull/_Node3D_999/_MeshInstance3D_1005 material_override -> StandardMaterial3D (albedo=<no texture>)
Battle/@CharacterBody3D@916/SelectionRing pos=(0.0, -0.7, 3.0) (6.4 x 0.2 x 6.4)
Battle/@CharacterBody3D@916/SelectionRing material_override -> StandardMaterial3D (albedo=<no texture>)
Battle/@CharacterBody3D@1007/Hull/PhysicsMesh pos=(0.3, 0.1, 8.4) (4.3 x 2.1 x 8.1)
Battle/@CharacterBody3D@1007/Hull/PhysicsMesh mesh.surface[0] -> StandardMaterial3D (albedo=<no texture>)
Battle/@CharacterBody3D@1007/Hull/MeshInstance3D pos=(0.3, 0.1, 8.4) (4.3 x 2.1 x 8.1)
Battle/@CharacterBody3D@1007/Hull/MeshInstance3D surface_override[0] -> ShaderMaterial (shader=res://shaders/hull_faction_material.gdshader)
    shader_parameter/albedo_tex = res://assets/textures/hull/hull_surface_albedo.png
    shader_parameter/normal_tex = res://assets/textures/hull/hull_surface_normal.png
    shader_parameter/roughness_tex = res://assets/textures/hull/hull_surface_roughness.png
Battle/@CharacterBody3D@1007/Hull/HullDecals/_MeshInstance3D_1008 pos=(-3.0, 0.7, 10.4) (0.8 x 0.3 x 0.0)
Battle/@CharacterBody3D@1007/Hull/HullDecals/_MeshInstance3D_1008 material_override -> StandardMaterial3D (albedo=)
Battle/@CharacterBody3D@1007/Hull/HullDecals/_MeshInstance3D_1009 pos=(-2.0, 0.7, 11.5) (0.8 x 0.3 x 0.0)
Battle/@CharacterBody3D@1007/Hull/HullDecals/_MeshInstance3D_1009 material_override -> StandardMaterial3D (albedo=)
Battle/@CharacterBody3D@1007/Hull/HullDecals/_MeshInstance3D_1010 pos=(0.9, 0.3, 10.3) (2.6 x 0.3 x 0.0)
Battle/@CharacterBody3D@1007/Hull/HullDecals/_MeshInstance3D_1010 material_override -> StandardMaterial3D (albedo=)
Battle/@CharacterBody3D@1007/Hull/HullDecals/_MeshInstance3D_1011 pos=(-0.2, 0.9, 8.8) (1.3 x 1.3 x 0.0)
Battle/@CharacterBody3D@1007/Hull/HullDecals/_MeshInstance3D_1011 material_override -> StandardMaterial3D (albedo=)
Battle/@CharacterBody3D@1007/Hull/HullDecals/_MeshInstance3D_1012 pos=(-0.2, 0.9, 8.8) (0.9 x 0.9 x 0.0)
Battle/@CharacterBody3D@1007/Hull/HullDecals/_MeshInstance3D_1012 material_override -> StandardMaterial3D (albedo=)
Battle/@CharacterBody3D@1007/Hull/_Node3D_1019/WheelSpin/_MeshInstance3D_1022 pos=(1.2, -1.0, 5.2) (0.9 x 0.4 x 0.9)
Battle/@CharacterBody3D@1007/Hull/_Node3D_1019/WheelSpin/_MeshInstance3D_1022 material_override -> StandardMaterial3D (albedo=<no texture>)
Battle/@CharacterBody3D@1007/Hull/_Node3D_1019/_Node3D_1023/_MeshInstance3D_1024 pos=(0.9, -1.0, 4.9) (0.9 x 0.4 x 0.9)
Battle/@CharacterBody3D@1007/Hull/_Node3D_1019/_Node3D_1023/_MeshInstance3D_1024 material_override -> StandardMaterial3D (albedo=<no texture>)
Battle/@CharacterBody3D@1007/Hull/_Node3D_1019/BakedVisual pos=(1.2, -0.8, 5.2) (0.4 x 0.4 x 0.7)
Battle/@CharacterBody3D@1007/Hull/_Node3D_1019/BakedVisual material_override -> StandardMaterial3D (albedo=<no texture>)
Battle/@CharacterBody3D@1007/Hull/_Node3D_1019/_MeshInstance3D_1029 pos=(1.2, -0.8, 5.2) (0.5 x 0.4 x 0.7)
Battle/@CharacterBody3D@1007/Hull/_Node3D_1019/_MeshInstance3D_1029 material_override -> StandardMaterial3D (albedo=<no texture>)
Battle/@CharacterBody3D@1007/Hull/_Node3D_1035/WheelSpin/_MeshInstance3D_1038 pos=(-0.5, -1.0, 6.2) (0.9 x 0.4 x 0.9)
Battle/@CharacterBody3D@1007/Hull/_Node3D_1035/WheelSpin/_MeshInstance3D_1038 material_override -> StandardMaterial3D (albedo=<no texture>)
Battle/@CharacterBody3D@1007/Hull/_Node3D_1035/_Node3D_1039/_MeshInstance3D_1040 pos=(-0.7, -1.0, 5.9) (0.9 x 0.4 x 0.9)
Battle/@CharacterBody3D@1007/Hull/_Node3D_1035/_Node3D_1039/_MeshInstance3D_1040 material_override -> StandardMaterial3D (albedo=<no texture>)
Battle/@CharacterBody3D@1007/Hull/_Node3D_1035/BakedVisual pos=(-0.5, -0.8, 6.2) (0.4 x 0.4 x 0.7)
Battle/@CharacterBody3D@1007/Hull/_Node3D_1035/BakedVisual material_override -> StandardMaterial3D (albedo=<no texture>)
Battle/@CharacterBody3D@1007/Hull/_Node3D_1035/_MeshInstance3D_1045 pos=(-0.5, -0.8, 6.2) (0.5 x 0.4 x 0.7)
Battle/@CharacterBody3D@1007/Hull/_Node3D_1035/_MeshInstance3D_1045 material_override -> StandardMaterial3D (albedo=<no texture>)
Battle/@CharacterBody3D@1007/Hull/_Node3D_1051/WheelSpin/_MeshInstance3D_1054 pos=(-1.8, -1.0, 7.5) (0.9 x 0.4 x 0.9)
Battle/@CharacterBody3D@1007/Hull/_Node3D_1051/WheelSpin/_MeshInstance3D_1054 material_override -> StandardMaterial3D (albedo=<no texture>)
Battle/@CharacterBody3D@1007/Hull/_Node3D_1051/_Node3D_1055/_MeshInstance3D_1056 pos=(-2.1, -1.0, 7.2) (0.9 x 0.4 x 0.9)
Battle/@CharacterBody3D@1007/Hull/_Node3D_1051/_Node3D_1055/_MeshInstance3D_1056 material_override -> StandardMaterial3D (albedo=<no texture>)
Battle/@CharacterBody3D@1007/Hull/_Node3D_1051/BakedVisual pos=(-1.8, -0.8, 7.5) (0.4 x 0.5 x 0.7)
Battle/@CharacterBody3D@1007/Hull/_Node3D_1051/BakedVisual material_override -> StandardMaterial3D (albedo=<no texture>)
Battle/@CharacterBody3D@1007/Hull/_Node3D_1051/_MeshInstance3D_1061 pos=(-1.8, -0.8, 7.5) (0.5 x 0.4 x 0.7)
Battle/@CharacterBody3D@1007/Hull/_Node3D_1051/_MeshInstance3D_1061 material_override -> StandardMaterial3D (albedo=<no texture>)
Battle/@CharacterBody3D@1007/Hull/_Node3D_1067/WheelSpin/_MeshInstance3D_1070 pos=(-3.2, -1.0, 8.8) (0.9 x 0.4 x 0.9)
Battle/@CharacterBody3D@1007/Hull/_Node3D_1067/WheelSpin/_MeshInstance3D_1070 material_override -> StandardMaterial3D (albedo=<no texture>)
Battle/@CharacterBody3D@1007/Hull/_Node3D_1067/_Node3D_1071/_MeshInstance3D_1072 pos=(-3.5, -1.0, 8.5) (0.9 x 0.4 x 0.9)
Battle/@CharacterBody3D@1007/Hull/_Node3D_1067/_Node3D_1071/_MeshInstance3D_1072 material_override -> StandardMaterial3D (albedo=<no texture>)
Battle/@CharacterBody3D@1007/Hull/_Node3D_1067/BakedVisual pos=(-3.2, -0.8, 8.8) (0.5 x 0.5 x 0.7)
Battle/@CharacterBody3D@1007/Hull/_Node3D_1067/BakedVisual material_override -> StandardMaterial3D (albedo=<no texture>)
Battle/@CharacterBody3D@1007/Hull/_Node3D_1067/_MeshInstance3D_1077 pos=(-3.2, -0.8, 8.8) (0.5 x 0.4 x 0.7)
Battle/@CharacterBody3D@1007/Hull/_Node3D_1067/_MeshInstance3D_1077 material_override -> StandardMaterial3D (albedo=<no texture>)
Battle/@CharacterBody3D@1007/Hull/_Node3D_1083/WheelSpin/_MeshInstance3D_1086 pos=(3.5, -1.1, 7.7) (0.9 x 0.4 x 0.9)
Battle/@CharacterBody3D@1007/Hull/_Node3D_1083/WheelSpin/_MeshInstance3D_1086 material_override -> StandardMaterial3D (albedo=<no texture>)
Battle/@CharacterBody3D@1007/Hull/_Node3D_1083/_Node3D_1087/_MeshInstance3D_1088 pos=(3.8, -1.1, 8.0) (0.9 x 0.4 x 0.9)
Battle/@CharacterBody3D@1007/Hull/_Node3D_1083/_Node3D_1087/_MeshInstance3D_1088 material_override -> StandardMaterial3D (albedo=<no texture>)
Battle/@CharacterBody3D@1007/Hull/_Node3D_1083/BakedVisual pos=(3.5, -0.9, 7.7) (0.5 x 0.5 x 0.7)
Battle/@CharacterBody3D@1007/Hull/_Node3D_1083/BakedVisual material_override -> StandardMaterial3D (albedo=<no texture>)
Battle/@CharacterBody3D@1007/Hull/_Node3D_1083/_MeshInstance3D_1093 pos=(3.5, -0.9, 7.7) (0.5 x 0.4 x 0.7)
Battle/@CharacterBody3D@1007/Hull/_Node3D_1083/_MeshInstance3D_1093 material_override -> StandardMaterial3D (albedo=<no texture>)
Battle/@CharacterBody3D@1007/Hull/_Node3D_1099/WheelSpin/_MeshInstance3D_1102 pos=(2.4, -1.1, 9.2) (0.9 x 0.4 x 0.9)
Battle/@CharacterBody3D@1007/Hull/_Node3D_1099/WheelSpin/_MeshInstance3D_1102 material_override -> StandardMaterial3D (albedo=<no texture>)
Battle/@CharacterBody3D@1007/Hull/_Node3D_1099/_Node3D_1103/_MeshInstance3D_1104 pos=(2.7, -1.1, 9.5) (0.9 x 0.4 x 0.9)
Battle/@CharacterBody3D@1007/Hull/_Node3D_1099/_Node3D_1103/_MeshInstance3D_1104 material_override -> StandardMaterial3D (albedo=<no texture>)
Battle/@CharacterBody3D@1007/Hull/_Node3D_1099/BakedVisual pos=(2.4, -0.9, 9.2) (0.4 x 0.5 x 0.7)
Battle/@CharacterBody3D@1007/Hull/_Node3D_1099/BakedVisual material_override -> StandardMaterial3D (albedo=<no texture>)
Battle/@CharacterBody3D@1007/Hull/_Node3D_1099/_MeshInstance3D_1109 pos=(2.4, -0.9, 9.2) (0.5 x 0.4 x 0.7)
Battle/@CharacterBody3D@1007/Hull/_Node3D_1099/_MeshInstance3D_1109 material_override -> StandardMaterial3D (albedo=<no texture>)
Battle/@CharacterBody3D@1007/Hull/_Node3D_1115/WheelSpin/_MeshInstance3D_1118 pos=(1.0, -1.1, 10.5) (0.9 x 0.4 x 0.9)
Battle/@CharacterBody3D@1007/Hull/_Node3D_1115/WheelSpin/_MeshInstance3D_1118 material_override -> StandardMaterial3D (albedo=<no texture>)
Battle/@CharacterBody3D@1007/Hull/_Node3D_1115/_Node3D_1119/_MeshInstance3D_1120 pos=(1.3, -1.1, 10.8) (0.9 x 0.4 x 0.9)
Battle/@CharacterBody3D@1007/Hull/_Node3D_1115/_Node3D_1119/_MeshInstance3D_1120 material_override -> StandardMaterial3D (albedo=<no texture>)
Battle/@CharacterBody3D@1007/Hull/_Node3D_1115/BakedVisual pos=(1.0, -0.9, 10.5) (0.4 x 0.4 x 0.7)
Battle/@CharacterBody3D@1007/Hull/_Node3D_1115/BakedVisual material_override -> StandardMaterial3D (albedo=<no texture>)
Battle/@CharacterBody3D@1007/Hull/_Node3D_1115/_MeshInstance3D_1125 pos=(1.0, -0.9, 10.5) (0.5 x 0.4 x 0.7)
Battle/@CharacterBody3D@1007/Hull/_Node3D_1115/_MeshInstance3D_1125 material_override -> StandardMaterial3D (albedo=<no texture>)
Battle/@CharacterBody3D@1007/Hull/_Node3D_1131/WheelSpin/_MeshInstance3D_1134 pos=(-0.4, -1.1, 11.8) (0.9 x 0.4 x 0.9)
Battle/@CharacterBody3D@1007/Hull/_Node3D_1131/WheelSpin/_MeshInstance3D_1134 material_override -> StandardMaterial3D (albedo=<no texture>)
Battle/@CharacterBody3D@1007/Hull/_Node3D_1131/_Node3D_1135/_MeshInstance3D_1136 pos=(-0.1, -1.1, 12.1) (0.9 x 0.4 x 0.9)
Battle/@CharacterBody3D@1007/Hull/_Node3D_1131/_Node3D_1135/_MeshInstance3D_1136 material_override -> StandardMaterial3D (albedo=<no texture>)
Battle/@CharacterBody3D@1007/Hull/_Node3D_1131/BakedVisual pos=(-0.4, -0.9, 11.8) (0.4 x 0.4 x 0.7)
Battle/@CharacterBody3D@1007/Hull/_Node3D_1131/BakedVisual material_override -> StandardMaterial3D (albedo=<no texture>)
Battle/@CharacterBody3D@1007/Hull/_Node3D_1131/_MeshInstance3D_1141 pos=(-0.4, -0.9, 11.8) (0.5 x 0.4 x 0.7)
Battle/@CharacterBody3D@1007/Hull/_Node3D_1131/_MeshInstance3D_1141 material_override -> StandardMaterial3D (albedo=<no texture>)
Battle/@CharacterBody3D@1007/Hull/_Node3D_1142/BakedVisual pos=(2.3, 0.4, 6.5) (3.4 x 0.0 x 2.8)
Battle/@CharacterBody3D@1007/Hull/_Node3D_1142/BakedVisual material_override -> StandardMaterial3D (albedo=<no texture>)
Battle/@CharacterBody3D@1007/Hull/_Node3D_1142/_MeshInstance3D_1146 pos=(2.3, 0.4, 6.5) (1.1 x 1.1 x 1.0)
Battle/@CharacterBody3D@1007/Hull/_Node3D_1142/_MeshInstance3D_1146 material_override -> StandardMaterial3D (albedo=<no texture>)
Battle/@CharacterBody3D@1007/Hull/_Node3D_1149/BakedVisual pos=(-2.4, 0.9, 9.5) (1.2 x 1.1 x 1.4)
Battle/@CharacterBody3D@1007/Hull/_Node3D_1149/BakedVisual material_override -> StandardMaterial3D (albedo=<no texture>)
Battle/@CharacterBody3D@1007/Hull/_Node3D_1156/BakedVisual pos=(-1.0, 0.8, 11.0) (1.2 x 1.1 x 1.4)
Battle/@CharacterBody3D@1007/Hull/_Node3D_1156/BakedVisual material_override -> StandardMaterial3D (albedo=<no texture>)
Battle/@CharacterBody3D@1007/Hull/_Node3D_1163/BakedVisual pos=(1.4, 0.7, 7.4) (0.5 x 1.0 x 0.5)
Battle/@CharacterBody3D@1007/Hull/_Node3D_1163/BakedVisual material_override -> StandardMaterial3D (albedo=<no texture>)
Battle/@CharacterBody3D@1007/Hull/_Node3D_1163/_MeshInstance3D_1169 pos=(1.4, 0.7, 7.4) (0.4 x 0.4 x 0.3)
Battle/@CharacterBody3D@1007/Hull/_Node3D_1163/_MeshInstance3D_1169 material_override -> StandardMaterial3D (albedo=<no texture>)
Battle/@CharacterBody3D@1007/Hull/_Node3D_1174/BakedVisual pos=(2.5, 0.4, 6.3) (0.3 x 0.3 x 0.3)
Battle/@CharacterBody3D@1007/Hull/_Node3D_1174/BakedVisual material_override -> StandardMaterial3D (albedo=<no texture>)
Battle/@CharacterBody3D@1007/Hull/_Node3D_1174/_MeshInstance3D_1183 pos=(2.5, 0.4, 6.3) (0.2 x 0.2 x 0.5)
Battle/@CharacterBody3D@1007/Hull/_Node3D_1174/_MeshInstance3D_1183 material_override -> StandardMaterial3D (albedo=<no texture>)
Battle/@CharacterBody3D@1007/Hull/_Node3D_1174/_MeshInstance3D_1184 pos=(2.5, 0.4, 6.3) (0.1 x 0.1 x 1.0)
Battle/@CharacterBody3D@1007/Hull/_Node3D_1174/_MeshInstance3D_1184 material_override -> StandardMaterial3D (albedo=<no texture>)
Battle/@CharacterBody3D@1007/Hull/_Node3D_1174/_MeshInstance3D_1185 pos=(2.5, 0.4, 6.3) (0.2 x 0.3 x 0.3)
Battle/@CharacterBody3D@1007/Hull/_Node3D_1174/_MeshInstance3D_1185 material_override -> StandardMaterial3D (albedo=<no texture>)
Battle/@CharacterBody3D@1007/SelectionRing pos=(0.3, -1.5, 8.4) (10.4 x 0.2 x 10.4)
Battle/@CharacterBody3D@1007/SelectionRing material_override -> StandardMaterial3D (albedo=<no texture>)
Battle/@CharacterBody3D@1007/CargoBar/@MeshInstance3D@1187 pos=(0.3, -0.1, 8.4) (9.3 x 0.2 x 0.0)
Battle/@CharacterBody3D@1007/CargoBar/@MeshInstance3D@1187 material_override -> StandardMaterial3D (albedo=<no texture>)
Battle/@CharacterBody3D@1007/CargoBar/@MeshInstance3D@1188 pos=(-2.9, -0.1, 5.0) (9.3 x 0.1 x 0.0)
Battle/@CharacterBody3D@1007/CargoBar/@MeshInstance3D@1188 material_override -> StandardMaterial3D (albedo=<no texture>)
[BattleLogger] match closed: 56 frames, 15.7s, log at C:/Users/Chris/AppData/Roaming/Godot/app_userdata/Kitbash Command Prototype/logs/battle_2026-08-24T03-17-19_skirmish.log
Godot_v4.7.1-stable_win64.exe : ERROR: Pages in use exist at exit in PagedAllocator: 
N20RasterizerSceneDummy21GeometryInstanceDummyE
At line:1 char:140
+ ... \prototype; & '.\Godot_v4.7.1-stable_win64.exe' --headless --script _ ...
+                 ~~~~~~~~~~~~~~~~~~~~~~~~~~~~~~~~~~~~~~~~~~~~~~~~~~~~~~~~~
    + CategoryInfo          : NotSpecified: (ERROR: Pages in...yInstanceDummyE:String) [], RemoteException
    + FullyQualifiedErrorId : NativeCommandError
 
   at: ~PagedAllocator (./core/templates/paged_allocator.h:170)
WARNING: Leaked instance dependency: Bug - did not call instance_notify_deleted when freeing.
   at: ~Dependency (servers/rendering/storage/utilities.cpp:56)
WARNING: Leaked instance dependency: Bug - did not call instance_notify_deleted when freeing.
   at: ~Dependency (servers/rendering/storage/utilities.cpp:56)
WARNING: Leaked instance dependency: Bug - did not call instance_notify_deleted when freeing.
   at: ~Dependency (servers/rendering/storage/utilities.cpp:56)
WARNING: Leaked instance dependency: Bug - did not call instance_notify_deleted when freeing.
   at: ~Dependency (servers/rendering/storage/utilities.cpp:56)
WARNING: Leaked instance dependency: Bug - did not call instance_notify_deleted when freeing.
   at: ~Dependency (servers/rendering/storage/utilities.cpp:56)
WARNING: Leaked instance dependency: Bug - did not call instance_notify_deleted when freeing.
   at: ~Dependency (servers/rendering/storage/utilities.cpp:56)
WARNING: Leaked instance dependency: Bug - did not call instance_notify_deleted when freeing.
   at: ~Dependency (servers/rendering/storage/utilities.cpp:56)
WARNING: Leaked instance dependency: Bug - did not call instance_notify_deleted when freeing.
   at: ~Dependency (servers/rendering/storage/utilities.cpp:56)
WARNING: Leaked instance dependency: Bug - did not call instance_notify_deleted when freeing.
   at: ~Dependency (servers/rendering/storage/utilities.cpp:56)
WARNING: Leaked instance dependency: Bug - did not call instance_notify_deleted when freeing.
   at: ~Dependency (servers/rendering/storage/utilities.cpp:56)
WARNING: Leaked instance dependency: Bug - did not call instance_notify_deleted when freeing.
   at: ~Dependency (servers/rendering/storage/utilities.cpp:56)
WARNING: Leaked instance dependency: Bug - did not call instance_notify_deleted when freeing.
   at: ~Dependency (servers/rendering/storage/utilities.cpp:56)
WARNING: Leaked instance dependency: Bug - did not call instance_notify_deleted when freeing.
   at: ~Dependency (servers/rendering/storage/utilities.cpp:56)
WARNING: Leaked instance dependency: Bug - did not call instance_notify_deleted when freeing.
   at: ~Dependency (servers/rendering/storage/utilities.cpp:56)
WARNING: Leaked instance dependency: Bug - did not call instance_notify_deleted when freeing.
   at: ~Dependency (servers/rendering/storage/utilities.cpp:56)
WARNING: Leaked instance dependency: Bug - did not call instance_notify_deleted when freeing.
   at: ~Dependency (servers/rendering/storage/utilities.cpp:56)
WARNING: Leaked instance dependency: Bug - did not call instance_notify_deleted when freeing.
   at: ~Dependency (servers/rendering/storage/utilities.cpp:56)
WARNING: Leaked instance dependency: Bug - did not call instance_notify_deleted when freeing.
   at: ~Dependency (servers/rendering/storage/utilities.cpp:56)
WARNING: Leaked instance dependency: Bug - did not call instance_notify_deleted when freeing.
   at: ~Dependency (servers/rendering/storage/utilities.cpp:56)
WARNING: Leaked instance dependency: Bug - did not call instance_notify_deleted when freeing.
   at: ~Dependency (servers/rendering/storage/utilities.cpp:56)
WARNING: Leaked instance dependency: Bug - did not call instance_notify_deleted when freeing.
   at: ~Dependency (servers/rendering/storage/utilities.cpp:56)
WARNING: Leaked instance dependency: Bug - did not call instance_notify_deleted when freeing.
   at: ~Dependency (servers/rendering/storage/utilities.cpp:56)
WARNING: Leaked instance dependency: Bug - did not call instance_notify_deleted when freeing.
   at: ~Dependency (servers/rendering/storage/utilities.cpp:56)
WARNING: Leaked instance dependency: Bug - did not call instance_notify_deleted when freeing.
   at: ~Dependency (servers/rendering/storage/utilities.cpp:56)
WARNING: Leaked instance dependency: Bug - did not call instance_notify_deleted when freeing.
   at: ~Dependency (servers/rendering/storage/utilities.cpp:56)
WARNING: Leaked instance dependency: Bug - did not call instance_notify_deleted when freeing.
   at: ~Dependency (servers/rendering/storage/utilities.cpp:56)
WARNING: Leaked instance dependency: Bug - did not call instance_notify_deleted when freeing.
   at: ~Dependency (servers/rendering/storage/utilities.cpp:56)
WARNING: Leaked instance dependency: Bug - did not call instance_notify_deleted when freeing.
   at: ~Dependency (servers/rendering/storage/utilities.cpp:56)
WARNING: Leaked instance dependency: Bug - did not call instance_notify_deleted when freeing.
   at: ~Dependency (servers/rendering/storage/utilities.cpp:56)
WARNING: Leaked instance dependency: Bug - did not call instance_notify_deleted when freeing.
   at: ~Dependency (servers/rendering/storage/utilities.cpp:56)
WARNING: Leaked instance dependency: Bug - did not call instance_notify_deleted when freeing.
   at: ~Dependency (servers/rendering/storage/utilities.cpp:56)
WARNING: Leaked instance dependency: Bug - did not call instance_notify_deleted when freeing.
   at: ~Dependency (servers/rendering/storage/utilities.cpp:56)
WARNING: Leaked instance dependency: Bug - did not call instance_notify_deleted when freeing.
   at: ~Dependency (servers/rendering/storage/utilities.cpp:56)
WARNING: Leaked instance dependency: Bug - did not call instance_notify_deleted when freeing.
   at: ~Dependency (servers/rendering/storage/utilities.cpp:56)
WARNING: Leaked instance dependency: Bug - did not call instance_notify_deleted when freeing.
   at: ~Dependency (servers/rendering/storage/utilities.cpp:56)
WARNING: Leaked instance dependency: Bug - did not call instance_notify_deleted when freeing.
   at: ~Dependency (servers/rendering/storage/utilities.cpp:56)
WARNING: Leaked instance dependency: Bug - did not call instance_notify_deleted when freeing.
   at: ~Dependency (servers/rendering/storage/utilities.cpp:56)
WARNING: Leaked instance dependency: Bug - did not call instance_notify_deleted when freeing.
   at: ~Dependency (servers/rendering/storage/utilities.cpp:56)
WARNING: Leaked instance dependency: Bug - did not call instance_notify_deleted when freeing.
   at: ~Dependency (servers/rendering/storage/utilities.cpp:56)
WARNING: Leaked instance dependency: Bug - did not call instance_notify_deleted when freeing.
   at: ~Dependency (servers/rendering/storage/utilities.cpp:56)
WARNING: Leaked instance dependency: Bug - did not call instance_notify_deleted when freeing.
   at: ~Dependency (servers/rendering/storage/utilities.cpp:56)
WARNING: Leaked instance dependency: Bug - did not call instance_notify_deleted when freeing.
   at: ~Dependency (servers/rendering/storage/utilities.cpp:56)
WARNING: Leaked instance dependency: Bug - did not call instance_notify_deleted when freeing.
   at: ~Dependency (servers/rendering/storage/utilities.cpp:56)
WARNING: Leaked instance dependency: Bug - did not call instance_notify_deleted when freeing.
   at: ~Dependency (servers/rendering/storage/utilities.cpp:56)
WARNING: Leaked instance dependency: Bug - did not call instance_notify_deleted when freeing.
   at: ~Dependency (servers/rendering/storage/utilities.cpp:56)
WARNING: Leaked instance dependency: Bug - did not call instance_notify_deleted when freeing.
   at: ~Dependency (servers/rendering/storage/utilities.cpp:56)
WARNING: Leaked instance dependency: Bug - did not call instance_notify_deleted when freeing.
   at: ~Dependency (servers/rendering/storage/utilities.cpp:56)
WARNING: Leaked instance dependency: Bug - did not call instance_notify_deleted when freeing.
   at: ~Dependency (servers/rendering/storage/utilities.cpp:56)
WARNING: Leaked instance dependency: Bug - did not call instance_notify_deleted when freeing.
   at: ~Dependency (servers/rendering/storage/utilities.cpp:56)
WARNING: Leaked instance dependency: Bug - did not call instance_notify_deleted when freeing.
   at: ~Dependency (servers/rendering/storage/utilities.cpp:56)
WARNING: Leaked instance dependency: Bug - did not call instance_notify_deleted when freeing.
   at: ~Dependency (servers/rendering/storage/utilities.cpp:56)
WARNING: Leaked instance dependency: Bug - did not call instance_notify_deleted when freeing.
   at: ~Dependency (servers/rendering/storage/utilities.cpp:56)
WARNING: Leaked instance dependency: Bug - did not call instance_notify_deleted when freeing.
   at: ~Dependency (servers/rendering/storage/utilities.cpp:56)
WARNING: Leaked instance dependency: Bug - did not call instance_notify_deleted when freeing.
   at: ~Dependency (servers/rendering/storage/utilities.cpp:56)
WARNING: Leaked instance dependency: Bug - did not call instance_notify_deleted when freeing.
   at: ~Dependency (servers/rendering/storage/utilities.cpp:56)
WARNING: Leaked instance dependency: Bug - did not call instance_notify_deleted when freeing.
   at: ~Dependency (servers/rendering/storage/utilities.cpp:56)
WARNING: Leaked instance dependency: Bug - did not call instance_notify_deleted when freeing.
   at: ~Dependency (servers/rendering/storage/utilities.cpp:56)
WARNING: Leaked instance dependency: Bug - did not call instance_notify_deleted when freeing.
   at: ~Dependency (servers/rendering/storage/utilities.cpp:56)
WARNING: Leaked instance dependency: Bug - did not call instance_notify_deleted when freeing.
   at: ~Dependency (servers/rendering/storage/utilities.cpp:56)
WARNING: Leaked instance dependency: Bug - did not call instance_notify_deleted when freeing.
   at: ~Dependency (servers/rendering/storage/utilities.cpp:56)
WARNING: Leaked instance dependency: Bug - did not call instance_notify_deleted when freeing.
   at: ~Dependency (servers/rendering/storage/utilities.cpp:56)
WARNING: Leaked instance dependency: Bug - did not call instance_notify_deleted when freeing.
   at: ~Dependency (servers/rendering/storage/utilities.cpp:56)
WARNING: Leaked instance dependency: Bug - did not call instance_notify_deleted when freeing.
   at: ~Dependency (servers/rendering/storage/utilities.cpp:56)
WARNING: Leaked instance dependency: Bug - did not call instance_notify_deleted when freeing.
   at: ~Dependency (servers/rendering/storage/utilities.cpp:56)
WARNING: Leaked instance dependency: Bug - did not call instance_notify_deleted when freeing.
   at: ~Dependency (servers/rendering/storage/utilities.cpp:56)
WARNING: Leaked instance dependency: Bug - did not call instance_notify_deleted when freeing.
   at: ~Dependency (servers/rendering/storage/utilities.cpp:56)
WARNING: Leaked instance dependency: Bug - did not call instance_notify_deleted when freeing.
   at: ~Dependency (servers/rendering/storage/utilities.cpp:56)
WARNING: Leaked instance dependency: Bug - did not call instance_notify_deleted when freeing.
   at: ~Dependency (servers/rendering/storage/utilities.cpp:56)
WARNING: Leaked instance dependency: Bug - did not call instance_notify_deleted when freeing.
   at: ~Dependency (servers/rendering/storage/utilities.cpp:56)
WARNING: Leaked instance dependency: Bug - did not call instance_notify_deleted when freeing.
   at: ~Dependency (servers/rendering/storage/utilities.cpp:56)
WARNING: Leaked instance dependency: Bug - did not call instance_notify_deleted when freeing.
   at: ~Dependency (servers/rendering/storage/utilities.cpp:56)
WARNING: Leaked instance dependency: Bug - did not call instance_notify_deleted when freeing.
   at: ~Dependency (servers/rendering/storage/utilities.cpp:56)
WARNING: Leaked instance dependency: Bug - did not call instance_notify_deleted when freeing.
   at: ~Dependency (servers/rendering/storage/utilities.cpp:56)
WARNING: Leaked instance dependency: Bug - did not call instance_notify_deleted when freeing.
   at: ~Dependency (servers/rendering/storage/utilities.cpp:56)
WARNING: Leaked instance dependency: Bug - did not call instance_notify_deleted when freeing.
   at: ~Dependency (servers/rendering/storage/utilities.cpp:56)
WARNING: Leaked instance dependency: Bug - did not call instance_notify_deleted when freeing.
   at: ~Dependency (servers/rendering/storage/utilities.cpp:56)
WARNING: Leaked instance dependency: Bug - did not call instance_notify_deleted when freeing.
   at: ~Dependency (servers/rendering/storage/utilities.cpp:56)
WARNING: Leaked instance dependency: Bug - did not call instance_notify_deleted when freeing.
   at: ~Dependency (servers/rendering/storage/utilities.cpp:56)
WARNING: Leaked instance dependency: Bug - did not call instance_notify_deleted when freeing.
   at: ~Dependency (servers/rendering/storage/utilities.cpp:56)
WARNING: Leaked instance dependency: Bug - did not call instance_notify_deleted when freeing.
   at: ~Dependency (servers/rendering/storage/utilities.cpp:56)
WARNING: Leaked instance dependency: Bug - did not call instance_notify_deleted when freeing.
   at: ~Dependency (servers/rendering/storage/utilities.cpp:56)
WARNING: Leaked instance dependency: Bug - did not call instance_notify_deleted when freeing.
   at: ~Dependency (servers/rendering/storage/utilities.cpp:56)
WARNING: Leaked instance dependency: Bug - did not call instance_notify_deleted when freeing.
   at: ~Dependency (servers/rendering/storage/utilities.cpp:56)
WARNING: Leaked instance dependency: Bug - did not call instance_notify_deleted when freeing.
   at: ~Dependency (servers/rendering/storage/utilities.cpp:56)
WARNING: Leaked instance dependency: Bug - did not call instance_notify_deleted when freeing.
   at: ~Dependency (servers/rendering/storage/utilities.cpp:56)
WARNING: Leaked instance dependency: Bug - did not call instance_notify_deleted when freeing.
   at: ~Dependency (servers/rendering/storage/utilities.cpp:56)
WARNING: Leaked instance dependency: Bug - did not call instance_notify_deleted when freeing.
   at: ~Dependency (servers/rendering/storage/utilities.cpp:56)
WARNING: Leaked instance dependency: Bug - did not call instance_notify_deleted when freeing.
   at: ~Dependency (servers/rendering/storage/utilities.cpp:56)
WARNING: Leaked instance dependency: Bug - did not call instance_notify_deleted when freeing.
   at: ~Dependency (servers/rendering/storage/utilities.cpp:56)
WARNING: Leaked instance dependency: Bug - did not call instance_notify_deleted when freeing.
   at: ~Dependency (servers/rendering/storage/utilities.cpp:56)
WARNING: Leaked instance dependency: Bug - did not call instance_notify_deleted when freeing.
   at: ~Dependency (servers/rendering/storage/utilities.cpp:56)
WARNING: Leaked instance dependency: Bug - did not call instance_notify_deleted when freeing.
   at: ~Dependency (servers/rendering/storage/utilities.cpp:56)
WARNING: Leaked instance dependency: Bug - did not call instance_notify_deleted when freeing.
   at: ~Dependency (servers/rendering/storage/utilities.cpp:56)
WARNING: Leaked instance dependency: Bug - did not call instance_notify_deleted when freeing.
   at: ~Dependency (servers/rendering/storage/utilities.cpp:56)
WARNING: Leaked instance dependency: Bug - did not call instance_notify_deleted when freeing.
   at: ~Dependency (servers/rendering/storage/utilities.cpp:56)
WARNING: Leaked instance dependency: Bug - did not call instance_notify_deleted when freeing.
   at: ~Dependency (servers/rendering/storage/utilities.cpp:56)
WARNING: Leaked instance dependency: Bug - did not call instance_notify_deleted when freeing.
   at: ~Dependency (servers/rendering/storage/utilities.cpp:56)
WARNING: Leaked instance dependency: Bug - did not call instance_notify_deleted when freeing.
   at: ~Dependency (servers/rendering/storage/utilities.cpp:56)
WARNING: Leaked instance dependency: Bug - did not call instance_notify_deleted when freeing.
   at: ~Dependency (servers/rendering/storage/utilities.cpp:56)
WARNING: Leaked instance dependency: Bug - did not call instance_notify_deleted when freeing.
   at: ~Dependency (servers/rendering/storage/utilities.cpp:56)
WARNING: Leaked instance dependency: Bug - did not call instance_notify_deleted when freeing.
   at: ~Dependency (servers/rendering/storage/utilities.cpp:56)
WARNING: Leaked instance dependency: Bug - did not call instance_notify_deleted when freeing.
   at: ~Dependency (servers/rendering/storage/utilities.cpp:56)
WARNING: 761 ObjectDB instances were leaked at exit (run with `--verbose` for details).
ERROR: 5 RID allocations of type 'P11GodotBody3D' were leaked at exit.
ERROR: 33 RID allocations of type 'P11GodotArea3D' were leaked at exit.
ERROR: 104 RID allocations of type 'P12GodotShape3D' were leaked at exit.
ERROR: 62 RID allocations of type 'N13RendererDummy15MaterialStorage13DummyMaterialE' were leaked at exit.
ERROR: 4 RID allocations of type 'N13RendererDummy15MaterialStorage11DummyShaderE' were leaked at exit.
ERROR: 114 RID allocations of type 'N13RendererDummy9DummyMeshE' were leaked at exit.
ERROR: 11 RID allocations of type 'PN13RendererDummy14TextureStorage12DummyTextureE' were leaked at exit.
ERROR: 172 RID allocations of type 'N17RendererSceneCull8InstanceE' were leaked at exit.
   at: cleanup (core/object/object.cpp:2536)
ERROR: 45 resources still in use at exit (run with --verbose for details).
   at: clear (core/io/resource.cpp:822)
